batch_lot_id,medicine_id,branch_id,quantity,expiry_date,version
BL00001,M0197,B009,39,2026-06-04,1
BL00002,M0078,B006,52,2026-06-04,1
BL00003,M0006,B019,105,2026-05-31,1
BL00004,M0086,B009,21,2026-05-31,1
BL00005,M0031,B008,80,2026-06-04,1
BL00006,M0060,B018,11,2026-05-29,1
BL00007,M0155,B011,16,2026-05-30,1
BL00008,M0191,B014,62,2026-06-05,1
BL00009,M0093,B019,33,2026-05-31,1
BL00010,M0080,B001,37,2026-05-29,1
BL00011,M0011,B008,62,2026-05-31,1
BL00012,M0067,B007,35,2026-06-05,1
BL00013,M0183,B019,67,2026-06-01,1
BL00014,M0116,B008,66,2026-06-05,1
BL00015,M0105,B002,76,2026-06-05,1
BL00016,M0140,B004,77,2026-06-06,1
BL00017,M0040,B009,57,2026-05-28,1
BL00018,M0084,B019,46,2026-06-02,1
BL00019,M0040,B017,61,2026-06-05,1
BL00020,M0174,B010,30,2026-06-03,1
BL00021,M0139,B005,45,2026-06-02,1
BL00022,M0137,B016,58,2026-06-04,1
BL00023,M0042,B015,60,2026-06-06,1
BL00024,M0179,B013,50,2026-05-30,1
BL00025,M0059,B006,30,2026-06-01,1
BL00026,M0118,B010,104,2026-06-01,1
BL00027,M0034,B015,27,2026-05-30,1
BL00028,M0053,B010,19,2026-05-28,1
BL00029,M0057,B007,31,2026-06-03,1
BL00030,M0109,B002,37,2026-05-29,1
BL00031,M0146,B018,73,2026-05-29,1
BL00032,M0047,B001,19,2026-06-05,1
BL00033,M0089,B019,102,2026-06-02,1
BL00034,M0050,B020,77,2026-05-29,1
BL00035,M0172,B013,92,2026-06-06,1
BL00036,M0075,B019,105,2026-06-02,1
BL00037,M0036,B019,68,2026-06-02,1
BL00038,M0094,B009,74,2026-06-06,1
BL00039,M0100,B020,106,2026-06-05,1
BL00040,M0179,B012,103,2026-06-02,1
BL00041,M0014,B011,46,2026-06-02,1
BL00042,M0132,B014,83,2026-06-06,1
BL00043,M0075,B011,47,2026-05-29,1
BL00044,M0139,B008,20,2026-06-05,1
BL00045,M0089,B019,14,2026-06-03,1
BL00046,M0030,B003,46,2026-05-30,1
BL00047,M0036,B008,13,2026-06-02,1
BL00048,M0021,B009,98,2026-06-05,1
BL00049,M0079,B006,101,2026-05-28,1
BL00050,M0080,B016,97,2026-06-05,1
BL00051,M0146,B014,33,2026-06-06,1
BL00052,M0170,B019,16,2026-05-28,1
BL00053,M0107,B014,31,2026-06-06,1
BL00054,M0010,B014,23,2026-05-31,1
BL00055,M0198,B018,72,2026-06-01,1
BL00056,M0191,B017,48,2026-06-04,1
BL00057,M0200,B020,85,2026-06-03,1
BL00058,M0073,B009,19,2026-05-29,1
BL00059,M0109,B004,102,2026-05-31,1
BL00060,M0101,B018,37,2026-05-30,1
BL00061,M0119,B001,99,2026-05-30,1
BL00062,M0063,B011,87,2026-06-01,1
BL00063,M0007,B002,91,2026-06-01,1
BL00064,M0062,B020,93,2026-06-06,1
BL00065,M0003,B010,23,2026-05-31,1
BL00066,M0069,B018,61,2026-06-04,1
BL00067,M0001,B003,49,2026-06-05,1
BL00068,M0198,B002,91,2026-05-31,1
BL00069,M0128,B006,15,2026-06-02,1
BL00070,M0023,B013,17,2026-05-31,1
BL00071,M0139,B005,39,2026-05-31,1
BL00072,M0118,B014,53,2026-06-06,1
BL00073,M0086,B002,10,2026-06-02,1
BL00074,M0094,B016,28,2026-06-02,1
BL00075,M0161,B011,23,2026-06-05,1
BL00076,M0170,B002,103,2026-06-03,1
BL00077,M0130,B004,63,2026-06-06,1
BL00078,M0055,B018,49,2026-05-29,1
BL00079,M0061,B010,24,2026-06-04,1
BL00080,M0187,B015,73,2026-06-05,1
BL00081,M0133,B007,63,2026-06-06,1
BL00082,M0186,B004,70,2026-06-05,1
BL00083,M0153,B014,108,2026-05-28,1
BL00084,M0021,B012,15,2026-06-02,1
BL00085,M0154,B011,14,2026-06-01,1
BL00086,M0114,B020,51,2026-06-04,1
BL00087,M0041,B001,54,2026-05-31,1
BL00088,M0001,B010,16,2026-06-06,1
BL00089,M0147,B014,30,2026-06-03,1
BL00090,M0051,B013,33,2026-06-04,1
BL00091,M0022,B002,79,2026-06-01,1
BL00092,M0131,B018,13,2026-05-31,1
BL00093,M0139,B008,30,2026-06-04,1
BL00094,M0006,B020,31,2026-05-28,1
BL00095,M0100,B015,88,2026-05-29,1
BL00096,M0132,B004,10,2026-06-04,1
BL00097,M0164,B009,63,2026-05-28,1
BL00098,M0158,B017,80,2026-06-02,1
BL00099,M0196,B010,93,2026-05-31,1
BL00100,M0144,B001,24,2026-05-28,1
BL00101,M0130,B010,12,2026-06-03,1
BL00102,M0078,B018,105,2026-05-30,1
BL00103,M0025,B006,59,2026-06-02,1
BL00104,M0152,B001,103,2026-06-04,1
BL00105,M0069,B015,77,2026-06-05,1
BL00106,M0127,B018,58,2026-06-04,1
BL00107,M0085,B003,86,2026-05-28,1
BL00108,M0167,B017,108,2026-05-31,1
BL00109,M0122,B009,11,2026-06-06,1
BL00110,M0037,B017,38,2026-06-01,1
BL00111,M0068,B009,62,2026-05-31,1
BL00112,M0169,B017,59,2026-06-03,1
BL00113,M0177,B012,13,2026-06-01,1
BL00114,M0122,B010,86,2026-06-01,1
BL00115,M0104,B020,57,2026-06-02,1
BL00116,M0046,B005,37,2026-06-01,1
BL00117,M0007,B005,49,2026-05-31,1
BL00118,M0073,B015,64,2026-05-29,1
BL00119,M0122,B001,54,2026-06-03,1
BL00120,M0098,B003,18,2026-05-29,1
BL00121,M0045,B017,66,2026-06-06,1
BL00122,M0115,B013,85,2026-05-29,1
BL00123,M0086,B017,31,2026-05-31,1
BL00124,M0184,B019,28,2026-05-28,1
BL00125,M0126,B007,35,2026-05-30,1
BL00126,M0052,B018,65,2026-06-05,1
BL00127,M0126,B008,51,2026-06-02,1
BL00128,M0089,B020,97,2026-05-31,1
BL00129,M0188,B001,97,2026-06-02,1
BL00130,M0190,B009,44,2026-05-31,1
BL00131,M0069,B014,72,2026-05-31,1
BL00132,M0184,B005,32,2026-05-30,1
BL00133,M0026,B006,48,2026-06-04,1
BL00134,M0004,B003,36,2026-06-02,1
BL00135,M0077,B016,60,2026-05-30,1
BL00136,M0104,B020,15,2026-06-02,1
BL00137,M0066,B008,50,2026-06-06,1
BL00138,M0063,B008,64,2026-06-04,1
BL00139,M0105,B016,55,2026-06-02,1
BL00140,M0123,B012,68,2026-06-04,1
BL00141,M0024,B018,61,2026-06-06,1
BL00142,M0139,B014,10,2026-06-03,1
BL00143,M0154,B016,50,2026-06-06,1
BL00144,M0196,B011,31,2026-06-02,1
BL00145,M0092,B006,88,2026-06-02,1
BL00146,M0170,B007,84,2026-05-28,1
BL00147,M0180,B009,33,2026-05-29,1
BL00148,M0198,B007,38,2026-06-06,1
BL00149,M0163,B020,46,2026-06-03,1
BL00150,M0126,B002,101,2026-05-28,1
BL00151,M0194,B005,61,2026-06-01,1
BL00152,M0194,B009,87,2026-05-28,1
BL00153,M0189,B004,52,2026-05-29,1
BL00154,M0130,B002,48,2026-05-28,1
BL00155,M0085,B012,50,2026-05-30,1
BL00156,M0075,B012,21,2026-05-30,1
BL00157,M0143,B015,94,2026-06-01,1
BL00158,M0049,B012,90,2026-05-28,1
BL00159,M0144,B001,89,2026-06-02,1
BL00160,M0116,B009,107,2026-05-28,1
BL00161,M0194,B009,94,2026-05-29,1
BL00162,M0013,B005,104,2026-06-03,1
BL00163,M0173,B014,53,2026-06-02,1
BL00164,M0079,B005,42,2026-06-04,1
BL00165,M0033,B019,94,2026-06-02,1
BL00166,M0032,B009,54,2026-06-02,1
BL00167,M0104,B007,25,2026-05-31,1
BL00168,M0079,B008,21,2026-05-30,1
BL00169,M0150,B017,57,2026-06-06,1
BL00170,M0109,B015,84,2026-06-05,1
BL00171,M0122,B017,15,2026-06-01,1
BL00172,M0110,B011,91,2026-06-06,1
BL00173,M0004,B012,10,2026-05-29,1
BL00174,M0031,B010,32,2026-06-03,1
BL00175,M0047,B019,21,2026-06-06,1
BL00176,M0055,B014,42,2026-06-03,1
BL00177,M0174,B013,94,2026-06-02,1
BL00178,M0159,B002,64,2026-06-04,1
BL00179,M0144,B004,39,2026-06-06,1
BL00180,M0060,B018,13,2026-06-03,1
BL00181,M0061,B019,65,2026-05-30,1
BL00182,M0185,B018,20,2026-06-03,1
BL00183,M0040,B010,39,2026-06-02,1
BL00184,M0024,B007,91,2026-05-31,1
BL00185,M0052,B015,49,2026-06-02,1
BL00186,M0103,B020,21,2026-06-02,1
BL00187,M0193,B003,82,2026-06-01,1
BL00188,M0109,B018,65,2026-05-28,1
BL00189,M0071,B015,96,2026-06-03,1
BL00190,M0124,B007,62,2026-05-30,1
BL00191,M0127,B003,49,2026-06-03,1
BL00192,M0093,B018,19,2026-05-29,1
BL00193,M0087,B018,53,2026-06-02,1
BL00194,M0106,B006,105,2026-05-31,1
BL00195,M0172,B007,56,2026-06-05,1
BL00196,M0060,B006,78,2026-05-30,1
BL00197,M0014,B008,83,2026-05-31,1
BL00198,M0139,B019,90,2026-05-28,1
BL00199,M0177,B018,100,2026-06-06,1
BL00200,M0196,B009,46,2026-05-28,1
BL00201,M0120,B003,39,2026-06-06,1
BL00202,M0082,B003,70,2026-06-05,1
BL00203,M0074,B014,97,2026-06-04,1
BL00204,M0079,B007,60,2026-05-31,1
BL00205,M0063,B007,17,2026-06-06,1
BL00206,M0081,B004,65,2026-06-03,1
BL00207,M0034,B016,39,2026-06-05,1
BL00208,M0119,B002,32,2026-06-06,1
BL00209,M0109,B008,31,2026-05-31,1
BL00210,M0179,B020,107,2026-05-29,1
BL00211,M0001,B003,80,2026-05-30,1
BL00212,M0192,B001,71,2026-06-05,1
BL00213,M0197,B002,99,2026-06-06,1
BL00214,M0179,B010,101,2026-05-31,1
BL00215,M0084,B019,15,2026-06-05,1
BL00216,M0196,B014,81,2026-05-30,1
BL00217,M0050,B020,88,2026-06-03,1
BL00218,M0027,B006,92,2026-06-06,1
BL00219,M0197,B019,66,2026-06-04,1
BL00220,M0005,B020,59,2026-05-29,1
BL00221,M0085,B016,17,2026-06-06,1
BL00222,M0078,B015,56,2026-05-29,1
BL00223,M0085,B013,64,2026-05-29,1
BL00224,M0141,B004,109,2026-06-02,1
BL00225,M0170,B015,83,2026-06-05,1
BL00226,M0077,B015,98,2026-05-29,1
BL00227,M0001,B020,82,2026-05-31,1
BL00228,M0136,B007,81,2026-06-06,1
BL00229,M0058,B014,98,2026-06-03,1
BL00230,M0036,B013,41,2026-06-02,1
BL00231,M0193,B014,81,2026-05-31,1
BL00232,M0144,B018,49,2026-06-03,1
BL00233,M0137,B001,36,2026-06-01,1
BL00234,M0013,B003,91,2026-06-05,1
BL00235,M0089,B013,66,2026-06-01,1
BL00236,M0198,B011,96,2026-05-30,1
BL00237,M0057,B002,55,2026-05-30,1
BL00238,M0058,B017,12,2026-06-02,1
BL00239,M0019,B020,95,2026-05-30,1
BL00240,M0103,B002,36,2026-05-31,1
BL00241,M0052,B011,26,2026-05-28,1
BL00242,M0166,B012,25,2026-06-06,1
BL00243,M0066,B014,75,2026-06-05,1
BL00244,M0123,B005,79,2026-06-04,1
BL00245,M0005,B006,52,2026-06-05,1
BL00246,M0092,B019,65,2026-06-03,1
BL00247,M0071,B009,53,2026-05-28,1
BL00248,M0079,B001,57,2026-06-02,1
BL00249,M0014,B020,14,2026-06-06,1
BL00250,M0182,B004,107,2026-05-31,1
BL00251,M0159,B007,60,2026-05-31,1
BL00252,M0059,B018,100,2026-05-28,1
BL00253,M0170,B009,100,2026-05-28,1
BL00254,M0182,B011,68,2026-06-05,1
BL00255,M0090,B012,73,2026-05-29,1
BL00256,M0020,B002,98,2026-06-01,1
BL00257,M0115,B005,36,2026-06-04,1
BL00258,M0151,B012,97,2026-06-04,1
BL00259,M0148,B013,103,2026-05-29,1
BL00260,M0130,B013,102,2026-06-05,1
BL00261,M0093,B008,48,2026-06-01,1
BL00262,M0068,B020,14,2026-06-05,1
BL00263,M0007,B014,101,2026-05-29,1
BL00264,M0170,B019,47,2026-06-01,1
BL00265,M0040,B008,107,2026-05-31,1
BL00266,M0190,B016,47,2026-06-05,1
BL00267,M0158,B019,41,2026-05-28,1
BL00268,M0060,B008,18,2026-05-28,1
BL00269,M0105,B009,31,2026-06-02,1
BL00270,M0129,B011,78,2026-06-02,1
BL00271,M0003,B010,29,2026-05-30,1
BL00272,M0061,B014,38,2026-05-28,1
BL00273,M0177,B019,68,2026-05-30,1
BL00274,M0095,B016,21,2026-06-05,1
BL00275,M0088,B006,13,2026-06-01,1
BL00276,M0197,B005,82,2026-06-04,1
BL00277,M0114,B003,22,2026-05-31,1
BL00278,M0163,B016,67,2026-05-28,1
BL00279,M0177,B008,47,2026-05-28,1
BL00280,M0048,B004,72,2026-05-29,1
BL00281,M0064,B017,18,2026-06-05,1
BL00282,M0174,B019,55,2026-05-30,1
BL00283,M0095,B016,20,2026-06-02,1
BL00284,M0129,B002,28,2026-06-05,1
BL00285,M0045,B014,49,2026-05-31,1
BL00286,M0076,B007,79,2026-06-05,1
BL00287,M0037,B008,16,2026-06-06,1
BL00288,M0169,B001,14,2026-05-28,1
BL00289,M0139,B011,90,2026-06-02,1
BL00290,M0167,B014,34,2026-05-28,1
BL00291,M0070,B015,34,2026-05-29,1
BL00292,M0083,B003,22,2026-05-28,1
BL00293,M0062,B003,56,2026-05-31,1
BL00294,M0106,B004,85,2026-05-28,1
BL00295,M0092,B006,103,2026-06-02,1
BL00296,M0082,B017,107,2026-05-31,1
BL00297,M0006,B016,24,2026-05-29,1
BL00298,M0054,B005,17,2026-06-04,1
BL00299,M0066,B010,90,2026-06-03,1
BL00300,M0113,B006,42,2026-06-05,1
BL00301,M0175,B017,70,2026-06-04,1
BL00302,M0039,B002,82,2026-06-02,1
BL00303,M0097,B011,70,2026-06-01,1
BL00304,M0121,B015,35,2026-06-06,1
BL00305,M0164,B012,84,2026-06-03,1
BL00306,M0183,B020,51,2026-05-31,1
BL00307,M0174,B014,13,2026-06-05,1
BL00308,M0069,B005,99,2026-06-04,1
BL00309,M0134,B020,88,2026-06-04,1
BL00310,M0080,B006,72,2026-05-28,1
BL00311,M0137,B002,90,2026-05-30,1
BL00312,M0088,B012,42,2026-05-29,1
BL00313,M0025,B003,65,2026-06-03,1
BL00314,M0086,B006,50,2026-06-06,1
BL00315,M0046,B010,95,2026-06-01,1
BL00316,M0180,B017,41,2026-05-30,1
BL00317,M0127,B005,101,2026-06-04,1
BL00318,M0161,B012,109,2026-05-28,1
BL00319,M0023,B004,11,2026-06-04,1
BL00320,M0060,B008,96,2026-06-05,1
BL00321,M0018,B010,88,2026-05-31,1
BL00322,M0126,B001,22,2026-05-28,1
BL00323,M0111,B010,23,2026-06-01,1
BL00324,M0043,B010,105,2026-05-28,1
BL00325,M0037,B006,87,2026-06-03,1
BL00326,M0095,B004,64,2026-05-28,1
BL00327,M0007,B004,84,2026-06-05,1
BL00328,M0138,B003,18,2026-06-05,1
BL00329,M0082,B003,56,2026-06-01,1
BL00330,M0189,B003,29,2026-05-29,1
BL00331,M0148,B014,62,2026-06-02,1
BL00332,M0164,B008,49,2026-06-03,1
BL00333,M0196,B013,103,2026-06-03,1
BL00334,M0027,B013,60,2026-05-29,1
BL00335,M0054,B018,18,2026-06-06,1
BL00336,M0092,B013,90,2026-06-02,1
BL00337,M0166,B009,34,2026-06-05,1
BL00338,M0077,B009,73,2026-06-01,1
BL00339,M0049,B003,72,2026-06-06,1
BL00340,M0156,B006,39,2026-06-01,1
BL00341,M0009,B018,88,2026-05-28,1
BL00342,M0180,B001,100,2026-06-06,1
BL00343,M0112,B014,20,2026-06-06,1
BL00344,M0031,B005,50,2026-05-30,1
BL00345,M0145,B017,78,2026-05-31,1
BL00346,M0067,B010,68,2026-06-02,1
BL00347,M0139,B008,100,2026-06-04,1
BL00348,M0087,B017,102,2026-06-02,1
BL00349,M0111,B007,60,2026-05-30,1
BL00350,M0141,B002,25,2026-05-31,1
BL00351,M0015,B012,27,2026-06-06,1
BL00352,M0086,B004,61,2026-06-01,1
BL00353,M0055,B017,60,2026-06-03,1
BL00354,M0188,B016,60,2026-06-04,1
BL00355,M0174,B001,87,2026-05-29,1
BL00356,M0056,B017,58,2026-05-29,1
BL00357,M0195,B014,88,2026-05-30,1
BL00358,M0146,B016,40,2026-05-31,1
BL00359,M0081,B017,67,2026-05-29,1
BL00360,M0039,B014,87,2026-05-30,1
BL00361,M0005,B004,95,2026-06-01,1
BL00362,M0074,B009,108,2026-05-31,1
BL00363,M0068,B018,61,2026-06-06,1
BL00364,M0077,B010,39,2026-06-04,1
BL00365,M0080,B018,99,2026-05-31,1
BL00366,M0006,B017,74,2026-05-30,1
BL00367,M0122,B004,20,2026-05-28,1
BL00368,M0053,B011,92,2026-06-04,1
BL00369,M0174,B018,31,2026-06-04,1
BL00370,M0154,B010,60,2026-06-04,1
BL00371,M0140,B020,97,2026-05-29,1
BL00372,M0017,B008,53,2026-05-29,1
BL00373,M0002,B020,58,2026-06-06,1
BL00374,M0039,B019,29,2026-06-01,1
BL00375,M0109,B002,101,2026-05-29,1
BL00376,M0051,B018,61,2026-06-05,1
BL00377,M0071,B016,74,2026-06-05,1
BL00378,M0088,B003,72,2026-05-29,1
BL00379,M0015,B014,104,2026-05-30,1
BL00380,M0023,B006,97,2026-06-01,1
BL00381,M0134,B002,89,2026-05-29,1
BL00382,M0127,B008,99,2026-05-28,1
BL00383,M0022,B017,91,2026-05-30,1
BL00384,M0111,B012,44,2026-05-28,1
BL00385,M0163,B005,14,2026-06-02,1
BL00386,M0160,B015,41,2026-05-28,1
BL00387,M0195,B008,38,2026-06-02,1
BL00388,M0029,B009,29,2026-06-06,1
BL00389,M0087,B010,63,2026-06-03,1
BL00390,M0084,B014,59,2026-05-31,1
BL00391,M0074,B019,97,2026-05-31,1
BL00392,M0035,B013,59,2026-06-06,1
BL00393,M0062,B009,88,2026-06-01,1
BL00394,M0021,B003,37,2026-05-29,1
BL00395,M0140,B015,86,2026-05-30,1
BL00396,M0109,B013,31,2026-05-29,1
BL00397,M0042,B016,41,2026-06-01,1
BL00398,M0064,B005,21,2026-05-28,1
BL00399,M0028,B011,64,2026-06-03,1
BL00400,M0197,B017,61,2026-05-29,1
BL00401,M0197,B004,83,2027-01-21,1
BL00402,M0165,B008,66,2026-08-25,1
BL00403,M0028,B018,25,2026-09-10,1
BL00404,M0116,B010,50,2026-12-10,1
BL00405,M0154,B010,107,2026-12-17,1
BL00406,M0016,B015,22,2026-09-02,1
BL00407,M0104,B010,96,2026-08-20,1
BL00408,M0167,B020,18,2027-03-19,1
BL00409,M0019,B011,44,2026-08-24,1
BL00410,M0171,B015,59,2027-01-08,1
BL00411,M0002,B013,107,2026-08-04,1
BL00412,M0055,B003,86,2027-04-11,1
BL00413,M0043,B010,28,2026-11-19,1
BL00414,M0120,B002,16,2026-08-23,1
BL00415,M0003,B011,92,2026-09-13,1
BL00416,M0110,B009,30,2027-03-01,1
BL00417,M0173,B001,67,2027-04-19,1
BL00418,M0194,B015,56,2027-04-16,1
BL00419,M0055,B004,19,2026-07-03,1
BL00420,M0104,B002,35,2027-01-30,1
BL00421,M0106,B015,14,2027-05-14,1
BL00422,M0092,B011,57,2027-04-03,1
BL00423,M0040,B010,57,2027-05-26,1
BL00424,M0062,B001,109,2027-04-27,1
BL00425,M0174,B006,75,2027-05-23,1
BL00426,M0183,B003,17,2027-01-20,1
BL00427,M0089,B004,14,2027-05-23,1
BL00428,M0116,B001,86,2026-09-29,1
BL00429,M0170,B010,66,2027-02-07,1
BL00430,M0160,B018,40,2026-08-05,1
BL00431,M0196,B015,99,2026-09-14,1
BL00432,M0083,B016,63,2027-06-11,1
BL00433,M0018,B003,21,2027-01-30,1
BL00434,M0031,B018,15,2026-11-21,1
BL00435,M0140,B016,71,2027-02-11,1
BL00436,M0006,B016,93,2027-01-17,1
BL00437,M0064,B017,107,2027-03-13,1
BL00438,M0151,B003,17,2027-03-26,1
BL00439,M0010,B007,57,2026-08-08,1
BL00440,M0129,B014,61,2026-10-05,1
BL00441,M0190,B010,89,2026-08-09,1
BL00442,M0100,B013,20,2026-07-13,1
BL00443,M0170,B020,80,2026-08-31,1
BL00444,M0196,B009,26,2026-08-03,1
BL00445,M0119,B018,95,2027-06-09,1
BL00446,M0071,B017,32,2026-09-29,1
BL00447,M0159,B009,40,2026-08-19,1
BL00448,M0115,B014,90,2027-02-28,1
BL00449,M0005,B002,70,2026-08-10,1
BL00450,M0139,B020,10,2027-02-10,1
BL00451,M0010,B001,82,2027-02-24,1
BL00452,M0169,B002,48,2026-07-08,1
BL00453,M0156,B013,14,2027-05-11,1
BL00454,M0106,B009,89,2027-02-12,1
BL00455,M0070,B001,68,2026-11-09,1
BL00456,M0135,B018,18,2026-07-17,1
BL00457,M0156,B004,25,2027-05-15,1
BL00458,M0088,B006,72,2026-12-14,1
BL00459,M0085,B002,28,2027-02-22,1
BL00460,M0185,B016,99,2026-12-20,1
BL00461,M0098,B012,45,2026-07-13,1
BL00462,M0166,B019,68,2027-06-10,1
BL00463,M0163,B019,80,2026-07-30,1
BL00464,M0120,B004,57,2027-05-03,1
BL00465,M0078,B002,86,2027-04-10,1
BL00466,M0087,B009,78,2027-04-26,1
BL00467,M0001,B003,56,2026-11-19,1
BL00468,M0079,B003,23,2026-07-18,1
BL00469,M0053,B013,68,2026-12-27,1
BL00470,M0117,B015,42,2027-01-16,1
BL00471,M0099,B020,65,2027-06-21,1
BL00472,M0073,B020,83,2027-03-02,1
BL00473,M0144,B003,96,2027-02-08,1
BL00474,M0108,B019,52,2026-09-22,1
BL00475,M0074,B008,39,2026-12-31,1
BL00476,M0040,B011,12,2026-11-13,1
BL00477,M0153,B015,99,2026-09-08,1
BL00478,M0013,B004,86,2026-11-20,1
BL00479,M0185,B003,31,2026-08-20,1
BL00480,M0071,B004,101,2026-11-26,1
BL00481,M0149,B007,108,2027-02-20,1
BL00482,M0130,B005,74,2027-05-24,1
BL00483,M0003,B010,32,2026-07-30,1
BL00484,M0041,B012,15,2026-07-26,1
BL00485,M0132,B002,97,2027-06-04,1
BL00486,M0016,B016,76,2026-10-17,1
BL00487,M0034,B013,105,2027-04-09,1
BL00488,M0103,B002,65,2027-02-08,1
BL00489,M0089,B006,58,2027-03-07,1
BL00490,M0031,B014,57,2027-04-18,1
BL00491,M0152,B016,105,2027-05-05,1
BL00492,M0044,B005,22,2026-08-24,1
BL00493,M0167,B015,19,2027-01-16,1
BL00494,M0115,B009,56,2026-11-24,1
BL00495,M0200,B012,44,2026-10-23,1
BL00496,M0027,B016,13,2027-04-21,1
BL00497,M0041,B013,105,2026-11-26,1
BL00498,M0126,B004,63,2026-07-01,1
BL00499,M0118,B002,83,2026-07-19,1
BL00500,M0158,B007,99,2026-11-22,1
BL00501,M0136,B013,33,2026-10-29,1
BL00502,M0154,B012,78,2027-04-01,1
BL00503,M0170,B006,48,2027-04-28,1
BL00504,M0056,B008,84,2026-09-07,1
BL00505,M0016,B007,78,2027-04-05,1
BL00506,M0122,B009,58,2027-04-25,1
BL00507,M0104,B001,93,2026-08-27,1
BL00508,M0067,B002,45,2026-08-07,1
BL00509,M0002,B004,38,2027-03-15,1
BL00510,M0065,B004,94,2027-05-14,1
BL00511,M0098,B014,84,2026-11-15,1
BL00512,M0066,B006,98,2026-10-04,1
BL00513,M0170,B005,64,2026-10-22,1
BL00514,M0032,B018,41,2027-06-13,1
BL00515,M0138,B003,101,2026-08-10,1
BL00516,M0175,B001,16,2027-05-24,1
BL00517,M0074,B001,39,2027-01-08,1
BL00518,M0099,B019,61,2026-09-28,1
BL00519,M0172,B001,97,2026-12-14,1
BL00520,M0037,B008,95,2026-11-23,1
BL00521,M0044,B001,37,2026-07-30,1
BL00522,M0133,B019,16,2026-09-02,1
BL00523,M0041,B018,44,2026-12-04,1
BL00524,M0150,B002,60,2027-05-27,1
BL00525,M0011,B002,24,2027-06-11,1
BL00526,M0198,B015,61,2027-01-28,1
BL00527,M0188,B009,95,2026-08-11,1
BL00528,M0069,B004,63,2026-11-29,1
BL00529,M0009,B009,78,2026-11-13,1
BL00530,M0147,B020,91,2027-04-10,1
BL00531,M0136,B018,29,2026-07-30,1
BL00532,M0196,B003,66,2026-06-28,1
BL00533,M0194,B002,96,2026-11-14,1
BL00534,M0165,B013,100,2027-03-13,1
BL00535,M0167,B020,69,2027-04-12,1
BL00536,M0109,B019,27,2026-09-14,1
BL00537,M0142,B008,106,2027-01-07,1
BL00538,M0015,B004,15,2026-09-13,1
BL00539,M0116,B013,109,2026-07-08,1
BL00540,M0084,B001,88,2027-01-04,1
BL00541,M0122,B006,76,2027-01-30,1
BL00542,M0075,B001,29,2026-12-12,1
BL00543,M0105,B002,32,2026-09-17,1
BL00544,M0035,B013,89,2027-01-22,1
BL00545,M0142,B007,15,2026-08-29,1
BL00546,M0189,B004,42,2026-10-17,1
BL00547,M0104,B017,28,2026-11-29,1
BL00548,M0196,B020,16,2027-02-04,1
BL00549,M0055,B004,91,2026-11-29,1
BL00550,M0126,B014,76,2026-09-23,1
BL00551,M0061,B017,48,2026-10-19,1
BL00552,M0026,B006,23,2026-09-03,1
BL00553,M0102,B001,94,2026-09-24,1
BL00554,M0129,B020,94,2026-09-11,1
BL00555,M0057,B018,105,2026-08-25,1
BL00556,M0030,B015,81,2026-12-25,1
BL00557,M0166,B002,30,2026-06-29,1
BL00558,M0056,B002,22,2027-04-10,1
BL00559,M0031,B003,80,2026-07-12,1
BL00560,M0197,B013,12,2026-09-03,1
BL00561,M0057,B018,67,2026-09-09,1
BL00562,M0102,B020,90,2026-08-11,1
BL00563,M0074,B002,73,2026-11-08,1
BL00564,M0168,B020,15,2027-06-03,1
BL00565,M0138,B019,45,2026-12-09,1
BL00566,M0174,B015,105,2026-11-21,1
BL00567,M0011,B011,69,2026-08-31,1
BL00568,M0081,B015,104,2027-02-28,1
BL00569,M0027,B018,37,2027-03-31,1
BL00570,M0042,B019,70,2027-01-07,1
BL00571,M0103,B007,52,2027-05-18,1
BL00572,M0068,B005,22,2026-09-25,1
BL00573,M0183,B008,76,2026-11-18,1
BL00574,M0012,B010,107,2027-05-04,1
BL00575,M0127,B014,42,2027-03-02,1
BL00576,M0003,B004,55,2026-07-10,1
BL00577,M0065,B002,57,2026-09-21,1
BL00578,M0168,B007,94,2027-05-30,1
BL00579,M0037,B016,102,2026-10-21,1
BL00580,M0055,B014,27,2027-04-09,1
BL00581,M0138,B015,14,2026-09-23,1
BL00582,M0054,B003,47,2027-01-10,1
BL00583,M0124,B014,68,2027-05-14,1
BL00584,M0173,B004,90,2026-12-20,1
BL00585,M0022,B016,70,2027-01-23,1
BL00586,M0059,B010,38,2027-05-04,1
BL00587,M0119,B017,38,2026-09-18,1
BL00588,M0085,B009,32,2026-08-03,1
BL00589,M0191,B007,28,2026-07-07,1
BL00590,M0024,B013,52,2027-04-16,1
BL00591,M0032,B009,35,2026-10-13,1
BL00592,M0108,B003,44,2027-05-22,1
BL00593,M0183,B003,65,2026-09-30,1
BL00594,M0137,B017,11,2027-06-10,1
BL00595,M0033,B011,80,2027-01-15,1
BL00596,M0170,B017,31,2026-10-18,1
BL00597,M0192,B016,41,2027-01-20,1
BL00598,M0006,B017,57,2026-12-03,1
BL00599,M0006,B011,83,2027-01-25,1
BL00600,M0180,B012,84,2026-07-05,1
BL00601,M0063,B004,50,2027-05-31,1
BL00602,M0044,B007,60,2027-04-27,1
BL00603,M0056,B017,26,2027-04-17,1
BL00604,M0114,B009,55,2027-02-24,1
BL00605,M0044,B015,30,2026-11-28,1
BL00606,M0116,B007,55,2026-08-19,1
BL00607,M0115,B014,59,2026-09-05,1
BL00608,M0185,B008,12,2026-09-05,1
BL00609,M0074,B013,44,2027-01-19,1
BL00610,M0105,B010,64,2027-01-08,1
BL00611,M0048,B015,34,2026-09-04,1
BL00612,M0065,B014,16,2026-11-01,1
BL00613,M0052,B003,51,2026-08-20,1
BL00614,M0118,B011,39,2026-10-01,1
BL00615,M0018,B016,20,2026-07-20,1
BL00616,M0142,B011,75,2026-09-21,1
BL00617,M0061,B017,93,2027-04-05,1
BL00618,M0124,B012,57,2026-10-26,1
BL00619,M0187,B009,60,2027-01-18,1
BL00620,M0083,B016,34,2026-08-11,1
BL00621,M0190,B020,99,2026-11-12,1
BL00622,M0183,B013,10,2026-11-08,1
BL00623,M0159,B020,109,2026-11-07,1
BL00624,M0081,B001,33,2026-09-21,1
BL00625,M0147,B012,90,2027-02-13,1
BL00626,M0185,B014,75,2026-11-24,1
BL00627,M0024,B004,33,2026-10-19,1
BL00628,M0163,B018,109,2027-06-23,1
BL00629,M0198,B018,56,2026-08-07,1
BL00630,M0093,B016,50,2027-02-16,1
BL00631,M0015,B006,35,2026-07-02,1
BL00632,M0173,B017,83,2026-12-21,1
BL00633,M0153,B007,78,2027-06-08,1
BL00634,M0036,B016,12,2027-06-16,1
BL00635,M0096,B011,41,2027-03-23,1
BL00636,M0183,B005,25,2026-06-28,1
BL00637,M0110,B014,51,2026-11-06,1
BL00638,M0042,B001,69,2027-05-26,1
BL00639,M0173,B003,30,2027-01-13,1
BL00640,M0069,B016,15,2026-07-05,1
BL00641,M0026,B013,67,2026-10-05,1
BL00642,M0001,B001,81,2026-11-19,1
BL00643,M0185,B019,52,2027-02-27,1
BL00644,M0105,B014,107,2027-04-12,1
BL00645,M0117,B015,79,2027-05-08,1
BL00646,M0179,B008,34,2027-02-14,1
BL00647,M0134,B006,86,2026-12-22,1
BL00648,M0054,B002,51,2026-09-12,1
BL00649,M0194,B006,10,2026-10-20,1
BL00650,M0068,B019,35,2027-02-02,1
BL00651,M0135,B018,101,2027-04-02,1
BL00652,M0047,B002,102,2026-09-27,1
BL00653,M0036,B001,14,2027-04-21,1
BL00654,M0197,B001,45,2026-08-02,1
BL00655,M0117,B007,46,2026-10-13,1
BL00656,M0173,B007,50,2026-07-20,1
BL00657,M0078,B018,62,2027-06-05,1
BL00658,M0024,B004,97,2027-06-16,1
BL00659,M0180,B002,21,2027-04-07,1
BL00660,M0163,B020,14,2026-09-22,1
BL00661,M0049,B009,92,2026-11-29,1
BL00662,M0162,B003,11,2026-10-16,1
BL00663,M0087,B019,18,2026-10-13,1
BL00664,M0180,B019,108,2027-03-15,1
BL00665,M0025,B006,44,2027-01-21,1
BL00666,M0059,B001,99,2026-07-30,1
BL00667,M0039,B006,60,2026-08-20,1
BL00668,M0090,B007,23,2026-07-31,1
BL00669,M0072,B010,43,2027-02-19,1
BL00670,M0103,B004,26,2027-04-15,1
BL00671,M0127,B009,92,2026-10-29,1
BL00672,M0080,B009,25,2027-01-13,1
BL00673,M0008,B001,36,2026-12-30,1
BL00674,M0063,B017,77,2026-09-06,1
BL00675,M0017,B007,69,2027-02-13,1
BL00676,M0008,B006,49,2027-04-01,1
BL00677,M0100,B004,21,2026-11-23,1
BL00678,M0120,B010,76,2027-03-21,1
BL00679,M0137,B001,10,2026-08-12,1
BL00680,M0029,B002,89,2026-08-16,1
BL00681,M0190,B015,25,2027-05-03,1
BL00682,M0034,B014,79,2026-08-02,1
BL00683,M0008,B019,25,2026-07-01,1
BL00684,M0161,B002,40,2026-08-10,1
BL00685,M0137,B007,103,2027-05-19,1
BL00686,M0112,B014,16,2026-09-24,1
BL00687,M0170,B019,21,2027-01-19,1
BL00688,M0063,B010,13,2026-10-03,1
BL00689,M0055,B009,92,2026-11-26,1
BL00690,M0158,B002,81,2027-04-29,1
BL00691,M0040,B016,107,2027-04-09,1
BL00692,M0145,B007,25,2027-04-03,1
BL00693,M0099,B016,36,2026-10-02,1
BL00694,M0037,B019,66,2026-10-24,1
BL00695,M0165,B016,28,2027-03-23,1
BL00696,M0170,B017,75,2026-08-18,1
BL00697,M0016,B001,89,2027-03-03,1
BL00698,M0072,B006,56,2026-09-16,1
BL00699,M0107,B006,73,2026-08-23,1
BL00700,M0108,B004,31,2026-08-20,1
BL00701,M0159,B018,97,2026-08-25,1
BL00702,M0066,B007,78,2027-01-09,1
BL00703,M0094,B019,56,2026-11-26,1
BL00704,M0058,B018,53,2026-07-31,1
BL00705,M0164,B018,63,2026-09-20,1
BL00706,M0004,B014,14,2026-07-23,1
BL00707,M0040,B007,81,2027-06-06,1
BL00708,M0062,B019,65,2026-11-19,1
BL00709,M0097,B001,46,2026-07-12,1
BL00710,M0138,B020,32,2027-06-10,1
BL00711,M0170,B008,33,2027-05-19,1
BL00712,M0026,B010,26,2027-06-05,1
BL00713,M0072,B017,75,2027-05-21,1
BL00714,M0158,B009,37,2027-01-04,1
BL00715,M0160,B009,71,2026-07-17,1
BL00716,M0058,B006,17,2026-09-09,1
BL00717,M0004,B018,90,2026-11-25,1
BL00718,M0107,B003,40,2026-10-20,1
BL00719,M0061,B003,22,2026-08-15,1
BL00720,M0104,B001,58,2027-01-15,1
BL00721,M0167,B016,105,2026-11-12,1
BL00722,M0018,B001,80,2026-08-29,1
BL00723,M0001,B015,84,2026-07-27,1
BL00724,M0182,B014,11,2027-02-01,1
BL00725,M0044,B011,18,2026-11-06,1
BL00726,M0127,B020,87,2027-06-17,1
BL00727,M0113,B001,36,2027-06-21,1
BL00728,M0150,B019,109,2027-01-09,1
BL00729,M0021,B010,56,2026-07-22,1
BL00730,M0092,B016,83,2027-03-01,1
BL00731,M0071,B009,84,2027-03-07,1
BL00732,M0156,B014,93,2027-01-24,1
BL00733,M0126,B003,61,2027-02-02,1
BL00734,M0051,B002,72,2026-10-17,1
BL00735,M0108,B017,35,2027-04-20,1
BL00736,M0010,B008,80,2027-04-03,1
BL00737,M0167,B003,101,2027-06-17,1
BL00738,M0136,B015,35,2027-04-20,1
BL00739,M0101,B016,39,2026-09-23,1
BL00740,M0097,B020,64,2026-09-17,1
BL00741,M0157,B011,89,2027-01-14,1
BL00742,M0196,B010,99,2027-02-10,1
BL00743,M0138,B003,14,2027-04-24,1
BL00744,M0158,B011,57,2026-09-30,1
BL00745,M0049,B015,71,2027-04-29,1
BL00746,M0057,B018,50,2027-06-13,1
BL00747,M0111,B019,80,2027-02-05,1
BL00748,M0018,B010,105,2027-02-06,1
BL00749,M0077,B005,88,2027-05-13,1
BL00750,M0028,B017,60,2026-07-14,1
BL00751,M0126,B016,38,2026-12-11,1
BL00752,M0159,B001,86,2026-10-25,1
BL00753,M0093,B019,36,2026-10-09,1
BL00754,M0109,B016,62,2026-07-05,1
BL00755,M0058,B018,36,2027-06-16,1
BL00756,M0145,B001,23,2026-10-08,1
BL00757,M0083,B008,62,2027-06-04,1
BL00758,M0032,B020,11,2027-04-22,1
BL00759,M0140,B007,39,2027-01-17,1
BL00760,M0025,B002,14,2027-01-01,1
BL00761,M0137,B018,30,2027-01-19,1
BL00762,M0102,B018,102,2027-03-19,1
BL00763,M0049,B014,94,2027-04-14,1
BL00764,M0147,B009,14,2027-05-12,1
BL00765,M0003,B012,36,2026-12-25,1
BL00766,M0172,B010,56,2026-11-14,1
BL00767,M0185,B020,28,2027-02-27,1
BL00768,M0056,B002,57,2026-07-21,1
BL00769,M0177,B013,69,2026-12-09,1
BL00770,M0018,B008,14,2026-12-31,1
BL00771,M0024,B010,83,2027-01-14,1
BL00772,M0148,B018,98,2027-06-08,1
BL00773,M0087,B017,94,2026-07-08,1
BL00774,M0107,B014,64,2027-06-04,1
BL00775,M0168,B003,74,2027-03-23,1
BL00776,M0112,B009,63,2026-08-04,1
BL00777,M0128,B002,22,2026-12-08,1
BL00778,M0035,B006,62,2026-12-19,1
BL00779,M0020,B014,27,2026-11-05,1
BL00780,M0064,B019,99,2027-03-27,1
BL00781,M0045,B004,64,2026-10-06,1
BL00782,M0091,B003,89,2026-12-08,1
BL00783,M0126,B005,76,2026-08-25,1
BL00784,M0157,B018,28,2026-07-12,1
BL00785,M0114,B007,97,2027-01-30,1
BL00786,M0150,B008,54,2026-12-08,1
BL00787,M0008,B018,29,2026-07-11,1
BL00788,M0090,B013,66,2027-06-22,1
BL00789,M0041,B008,65,2026-11-20,1
BL00790,M0071,B006,89,2026-07-08,1
BL00791,M0014,B017,28,2026-07-29,1
BL00792,M0075,B010,65,2027-05-15,1
BL00793,M0116,B019,54,2027-05-26,1
BL00794,M0183,B013,62,2026-11-08,1
BL00795,M0137,B007,30,2027-03-09,1
BL00796,M0088,B008,81,2026-09-30,1
BL00797,M0134,B005,94,2027-03-20,1
BL00798,M0034,B003,83,2026-09-23,1
BL00799,M0188,B003,60,2027-04-04,1
BL00800,M0077,B013,69,2026-11-29,1
BL00801,M0025,B003,88,2027-05-16,1
BL00802,M0194,B010,75,2027-02-27,1
BL00803,M0178,B016,82,2027-03-22,1
BL00804,M0077,B016,18,2027-01-22,1
BL00805,M0136,B012,91,2026-08-06,1
BL00806,M0194,B013,59,2026-07-20,1
BL00807,M0085,B008,72,2027-02-15,1
BL00808,M0113,B002,99,2027-06-10,1
BL00809,M0086,B014,24,2026-10-12,1
BL00810,M0115,B007,24,2027-03-24,1
BL00811,M0016,B017,64,2026-06-27,1
BL00812,M0052,B017,20,2027-04-14,1
BL00813,M0012,B008,35,2026-08-18,1
BL00814,M0177,B017,34,2026-08-18,1
BL00815,M0156,B007,65,2027-02-02,1
BL00816,M0073,B007,49,2026-07-21,1
BL00817,M0190,B016,73,2027-02-04,1
BL00818,M0182,B004,12,2026-12-23,1
BL00819,M0078,B014,54,2026-12-25,1
BL00820,M0018,B014,39,2027-05-01,1
BL00821,M0045,B001,23,2026-07-09,1
BL00822,M0196,B012,98,2026-08-20,1
BL00823,M0030,B016,27,2026-07-19,1
BL00824,M0114,B006,26,2027-01-01,1
BL00825,M0189,B005,81,2027-04-21,1
BL00826,M0119,B001,61,2027-05-12,1
BL00827,M0128,B004,81,2027-05-20,1
BL00828,M0164,B008,55,2027-06-10,1
BL00829,M0192,B020,74,2026-07-25,1
BL00830,M0127,B011,69,2026-06-26,1
BL00831,M0166,B019,50,2027-06-21,1
BL00832,M0057,B004,87,2026-11-25,1
BL00833,M0080,B014,65,2026-12-31,1
BL00834,M0153,B013,43,2027-06-04,1
BL00835,M0043,B018,60,2026-11-26,1
BL00836,M0084,B011,32,2027-06-18,1
BL00837,M0160,B003,77,2026-08-27,1
BL00838,M0022,B001,70,2027-03-25,1
BL00839,M0129,B005,97,2026-11-16,1
BL00840,M0064,B009,14,2027-05-11,1
BL00841,M0194,B001,88,2027-01-14,1
BL00842,M0050,B009,56,2027-03-31,1
BL00843,M0098,B005,93,2027-05-20,1
BL00844,M0079,B003,75,2026-08-21,1
BL00845,M0017,B004,92,2026-11-21,1
BL00846,M0077,B005,40,2026-12-12,1
BL00847,M0073,B005,21,2027-03-04,1
BL00848,M0196,B012,53,2026-09-09,1
BL00849,M0023,B009,104,2026-11-11,1
BL00850,M0092,B013,21,2026-11-21,1
BL00851,M0193,B003,40,2026-11-16,1
BL00852,M0105,B019,14,2026-06-28,1
BL00853,M0184,B003,18,2027-01-07,1
BL00854,M0080,B002,102,2027-06-25,1
BL00855,M0141,B007,77,2026-10-15,1
BL00856,M0129,B003,10,2026-11-16,1
BL00857,M0044,B011,46,2026-08-06,1
BL00858,M0188,B016,83,2027-02-11,1
BL00859,M0029,B002,31,2026-11-08,1
BL00860,M0198,B016,39,2026-12-05,1
BL00861,M0192,B002,61,2026-09-13,1
BL00862,M0027,B017,105,2026-07-07,1
BL00863,M0150,B020,63,2027-05-23,1
BL00864,M0171,B004,31,2027-04-09,1
BL00865,M0061,B017,69,2027-06-23,1
BL00866,M0007,B012,105,2026-10-09,1
BL00867,M0082,B013,80,2027-02-01,1
BL00868,M0050,B002,21,2026-09-25,1
BL00869,M0189,B015,54,2027-06-15,1
BL00870,M0002,B006,46,2027-02-06,1
BL00871,M0026,B011,84,2026-07-10,1
BL00872,M0085,B020,103,2026-07-31,1
BL00873,M0133,B010,30,2027-05-14,1
BL00874,M0055,B007,103,2026-09-21,1
BL00875,M0027,B005,95,2027-04-19,1
BL00876,M0112,B001,16,2026-09-17,1
BL00877,M0012,B017,92,2027-04-01,1
BL00878,M0080,B016,54,2026-10-31,1
BL00879,M0013,B020,91,2027-06-07,1
BL00880,M0197,B010,51,2027-01-17,1
BL00881,M0088,B010,53,2026-10-22,1
BL00882,M0081,B010,13,2026-08-09,1
BL00883,M0004,B008,54,2026-12-06,1
BL00884,M0054,B013,77,2026-08-04,1
BL00885,M0137,B009,105,2027-03-08,1
BL00886,M0107,B017,47,2027-05-03,1
BL00887,M0018,B007,18,2026-08-06,1
BL00888,M0126,B020,77,2026-09-28,1
BL00889,M0186,B002,50,2026-10-10,1
BL00890,M0105,B001,71,2027-05-16,1
BL00891,M0041,B012,39,2027-05-19,1
BL00892,M0031,B001,34,2026-11-30,1
BL00893,M0023,B009,14,2027-04-08,1
BL00894,M0181,B011,11,2027-01-24,1
BL00895,M0045,B005,22,2026-12-08,1
BL00896,M0147,B012,23,2026-09-29,1
BL00897,M0072,B017,80,2026-11-11,1
BL00898,M0194,B003,70,2026-07-18,1
BL00899,M0119,B013,26,2026-12-01,1
BL00900,M0174,B018,33,2027-03-21,1
BL00901,M0058,B019,62,2026-11-21,1
BL00902,M0179,B015,57,2026-08-02,1
BL00903,M0163,B005,66,2027-01-18,1
BL00904,M0018,B011,23,2026-12-29,1
BL00905,M0014,B019,99,2027-04-08,1
BL00906,M0010,B010,96,2026-12-04,1
BL00907,M0130,B001,80,2027-04-04,1
BL00908,M0096,B008,44,2026-10-22,1
BL00909,M0175,B011,82,2027-05-03,1
BL00910,M0082,B005,37,2027-05-01,1
BL00911,M0159,B015,31,2026-08-31,1
BL00912,M0149,B013,103,2027-03-21,1
BL00913,M0191,B008,109,2027-02-11,1
BL00914,M0092,B012,55,2026-10-27,1
BL00915,M0092,B006,21,2027-03-30,1
BL00916,M0042,B019,45,2026-07-08,1
BL00917,M0145,B003,38,2026-11-30,1
BL00918,M0172,B012,88,2026-10-23,1
BL00919,M0125,B016,13,2026-08-05,1
BL00920,M0129,B017,46,2026-08-28,1
BL00921,M0015,B017,44,2026-07-11,1
BL00922,M0075,B006,30,2026-11-17,1
BL00923,M0116,B019,25,2026-12-03,1
BL00924,M0030,B014,95,2026-10-03,1
BL00925,M0156,B001,49,2027-04-29,1
BL00926,M0062,B017,48,2026-06-28,1
BL00927,M0186,B006,59,2027-02-08,1
BL00928,M0146,B009,48,2026-10-30,1
BL00929,M0058,B013,96,2027-04-29,1
BL00930,M0029,B011,17,2027-02-08,1
BL00931,M0195,B009,43,2027-05-12,1
BL00932,M0185,B014,99,2027-04-26,1
BL00933,M0165,B016,104,2026-12-30,1
BL00934,M0140,B008,99,2026-11-09,1
BL00935,M0049,B015,47,2027-03-19,1
BL00936,M0116,B003,41,2027-01-12,1
BL00937,M0102,B004,55,2026-08-19,1
BL00938,M0052,B009,104,2026-06-29,1
BL00939,M0127,B019,52,2027-05-20,1
BL00940,M0191,B019,71,2027-02-28,1
BL00941,M0127,B013,39,2026-12-10,1
BL00942,M0017,B001,60,2027-01-03,1
BL00943,M0167,B003,90,2026-09-02,1
BL00944,M0107,B004,46,2026-07-02,1
BL00945,M0196,B015,107,2026-08-20,1
BL00946,M0118,B018,84,2027-05-04,1
BL00947,M0108,B008,20,2026-08-30,1
BL00948,M0012,B001,17,2027-01-09,1
BL00949,M0023,B010,57,2027-04-13,1
BL00950,M0027,B008,79,2026-12-26,1
BL00951,M0191,B012,47,2026-12-14,1
BL00952,M0123,B008,62,2027-05-17,1
BL00953,M0090,B016,13,2026-07-29,1
BL00954,M0029,B003,87,2027-04-06,1
BL00955,M0085,B019,102,2026-08-15,1
BL00956,M0028,B008,39,2027-05-28,1
BL00957,M0176,B017,35,2027-04-16,1
BL00958,M0109,B012,20,2026-12-04,1
BL00959,M0014,B004,36,2026-10-10,1
BL00960,M0168,B014,12,2026-11-08,1
BL00961,M0083,B014,48,2026-07-04,1
BL00962,M0190,B012,15,2027-04-05,1
BL00963,M0102,B005,59,2027-01-01,1
BL00964,M0066,B015,43,2026-08-08,1
BL00965,M0198,B002,89,2026-10-15,1
BL00966,M0138,B015,103,2026-12-10,1
BL00967,M0199,B002,77,2026-09-20,1
BL00968,M0141,B011,42,2027-04-28,1
BL00969,M0036,B002,13,2027-03-14,1
BL00970,M0021,B013,99,2027-01-07,1
BL00971,M0155,B004,102,2026-11-25,1
BL00972,M0172,B019,20,2026-08-04,1
BL00973,M0118,B003,94,2026-11-07,1
BL00974,M0016,B014,24,2027-05-18,1
BL00975,M0182,B007,92,2027-05-31,1
BL00976,M0160,B015,83,2026-07-09,1
BL00977,M0048,B018,15,2026-12-24,1
BL00978,M0134,B017,39,2027-06-06,1
BL00979,M0073,B007,104,2026-12-13,1
BL00980,M0172,B016,38,2027-05-01,1
BL00981,M0035,B014,71,2026-09-07,1
BL00982,M0129,B004,40,2027-03-13,1
BL00983,M0176,B006,95,2026-11-13,1
BL00984,M0043,B010,36,2026-12-20,1
BL00985,M0107,B017,104,2027-01-27,1
BL00986,M0077,B017,43,2027-05-24,1
BL00987,M0076,B003,109,2026-07-19,1
BL00988,M0016,B006,54,2027-05-19,1
BL00989,M0042,B010,108,2026-12-01,1
BL00990,M0122,B020,86,2027-02-26,1
BL00991,M0048,B007,34,2026-12-18,1
BL00992,M0036,B008,95,2027-02-26,1
BL00993,M0050,B011,102,2026-11-28,1
BL00994,M0069,B013,23,2027-05-11,1
BL00995,M0095,B014,25,2027-01-01,1
BL00996,M0018,B020,34,2026-08-14,1
BL00997,M0102,B011,108,2026-06-28,1
BL00998,M0112,B013,94,2026-11-01,1
BL00999,M0139,B010,59,2026-08-02,1
BL01000,M0157,B012,50,2026-10-19,1
BL01001,M0096,B016,17,2026-09-12,1
BL01002,M0004,B017,52,2026-07-17,1
BL01003,M0078,B006,83,2026-11-23,1
BL01004,M0175,B016,96,2026-08-12,1
BL01005,M0132,B010,28,2026-07-16,1
BL01006,M0141,B020,64,2027-03-28,1
BL01007,M0060,B004,68,2026-07-24,1
BL01008,M0171,B019,51,2027-05-08,1
BL01009,M0138,B001,15,2027-05-03,1
BL01010,M0108,B020,36,2027-04-24,1
BL01011,M0118,B003,44,2026-12-30,1
BL01012,M0035,B016,55,2027-01-29,1
BL01013,M0015,B014,88,2027-01-28,1
BL01014,M0126,B009,68,2027-04-20,1
BL01015,M0143,B016,17,2026-11-01,1
BL01016,M0130,B005,68,2027-04-06,1
BL01017,M0011,B013,17,2027-04-11,1
BL01018,M0099,B003,85,2027-05-28,1
BL01019,M0138,B015,91,2026-06-30,1
BL01020,M0146,B013,106,2026-08-24,1
BL01021,M0171,B007,15,2026-09-07,1
BL01022,M0015,B020,14,2026-10-21,1
BL01023,M0049,B014,36,2026-08-21,1
BL01024,M0006,B010,68,2027-02-12,1
BL01025,M0168,B017,10,2026-07-08,1
BL01026,M0115,B002,50,2027-02-10,1
BL01027,M0014,B012,45,2027-01-19,1
BL01028,M0144,B018,48,2027-01-30,1
BL01029,M0109,B018,66,2026-11-03,1
BL01030,M0163,B020,47,2026-10-09,1
BL01031,M0133,B018,50,2027-05-16,1
BL01032,M0179,B010,67,2027-04-12,1
BL01033,M0124,B003,24,2027-05-27,1
BL01034,M0137,B017,55,2026-12-18,1
BL01035,M0119,B005,54,2026-10-13,1
BL01036,M0089,B017,30,2027-03-03,1
BL01037,M0008,B014,88,2027-05-24,1
BL01038,M0032,B002,49,2026-09-17,1
BL01039,M0088,B013,42,2027-03-06,1
BL01040,M0029,B004,78,2027-06-23,1
BL01041,M0075,B005,36,2027-01-13,1
BL01042,M0034,B012,20,2027-06-06,1
BL01043,M0040,B010,97,2026-07-06,1
BL01044,M0169,B004,73,2027-06-04,1
BL01045,M0088,B015,46,2027-02-12,1
BL01046,M0113,B006,34,2026-12-15,1
BL01047,M0029,B006,78,2026-08-04,1
BL01048,M0072,B013,51,2027-04-27,1
BL01049,M0074,B006,82,2026-11-12,1
BL01050,M0040,B002,98,2027-03-21,1
BL01051,M0006,B004,35,2026-11-18,1
BL01052,M0068,B012,50,2026-12-15,1
BL01053,M0186,B005,44,2027-04-08,1
BL01054,M0097,B012,97,2027-05-21,1
BL01055,M0144,B001,99,2026-11-30,1
BL01056,M0047,B001,92,2027-05-10,1
BL01057,M0124,B015,41,2026-09-18,1
BL01058,M0128,B012,63,2027-04-28,1
BL01059,M0108,B014,12,2026-09-26,1
BL01060,M0101,B016,20,2026-08-05,1
BL01061,M0089,B017,74,2026-11-10,1
BL01062,M0062,B008,98,2027-01-11,1
BL01063,M0158,B015,25,2026-08-24,1
BL01064,M0064,B003,100,2027-06-01,1
BL01065,M0197,B015,46,2027-02-06,1
BL01066,M0189,B006,73,2026-08-18,1
BL01067,M0023,B016,52,2026-07-11,1
BL01068,M0002,B014,46,2027-02-12,1
BL01069,M0122,B001,87,2027-05-07,1
BL01070,M0114,B009,102,2026-11-22,1
BL01071,M0154,B003,63,2027-02-02,1
BL01072,M0141,B017,83,2026-09-04,1
BL01073,M0106,B018,92,2026-11-02,1
BL01074,M0029,B004,19,2026-07-25,1
BL01075,M0130,B007,106,2026-11-16,1
BL01076,M0141,B004,14,2027-03-06,1
BL01077,M0088,B012,56,2027-05-25,1
BL01078,M0066,B008,99,2026-09-20,1
BL01079,M0065,B013,46,2027-05-06,1
BL01080,M0148,B001,73,2026-10-20,1
BL01081,M0159,B012,40,2026-07-19,1
BL01082,M0011,B014,13,2026-10-04,1
BL01083,M0177,B005,50,2027-06-11,1
BL01084,M0131,B011,80,2027-06-03,1
BL01085,M0064,B003,12,2026-12-22,1
BL01086,M0034,B005,51,2026-12-07,1
BL01087,M0102,B005,105,2026-08-11,1
BL01088,M0151,B004,26,2026-10-04,1
BL01089,M0158,B002,58,2026-10-22,1
BL01090,M0107,B011,95,2026-11-01,1
BL01091,M0001,B004,86,2026-08-13,1
BL01092,M0089,B019,10,2027-04-24,1
BL01093,M0093,B016,21,2027-02-24,1
BL01094,M0182,B008,49,2026-10-23,1
BL01095,M0117,B016,34,2027-03-19,1
BL01096,M0011,B014,46,2026-08-31,1
BL01097,M0198,B018,66,2026-11-25,1
BL01098,M0168,B020,45,2026-12-23,1
BL01099,M0125,B008,32,2027-03-05,1
BL01100,M0049,B012,18,2026-08-29,1
BL01101,M0147,B006,72,2027-06-18,1
BL01102,M0074,B008,48,2027-02-12,1
BL01103,M0019,B005,34,2027-01-22,1
BL01104,M0172,B010,98,2026-09-03,1
BL01105,M0088,B015,55,2026-12-06,1
BL01106,M0135,B013,60,2027-02-04,1
BL01107,M0185,B019,24,2026-09-04,1
BL01108,M0160,B009,26,2027-01-20,1
BL01109,M0079,B017,20,2027-04-14,1
BL01110,M0002,B003,19,2027-05-02,1
BL01111,M0195,B004,108,2026-12-26,1
BL01112,M0118,B018,81,2026-07-11,1
BL01113,M0090,B006,30,2027-05-13,1
BL01114,M0125,B018,23,2026-11-29,1
BL01115,M0026,B019,56,2027-05-26,1
BL01116,M0082,B004,44,2027-04-29,1
BL01117,M0180,B010,87,2027-05-19,1
BL01118,M0082,B007,27,2026-08-07,1
BL01119,M0042,B010,30,2027-01-28,1
BL01120,M0061,B016,47,2027-06-14,1
BL01121,M0024,B009,54,2027-03-13,1
BL01122,M0196,B018,53,2027-03-10,1
BL01123,M0012,B003,30,2026-11-02,1
BL01124,M0098,B019,107,2026-10-21,1
BL01125,M0055,B012,62,2026-10-03,1
BL01126,M0014,B012,25,2027-06-06,1
BL01127,M0115,B005,49,2027-03-04,1
BL01128,M0149,B001,80,2026-07-20,1
BL01129,M0076,B011,84,2027-02-09,1
BL01130,M0009,B018,56,2026-08-26,1
BL01131,M0082,B012,94,2027-05-02,1
BL01132,M0102,B002,67,2026-10-08,1
BL01133,M0075,B003,20,2027-02-07,1
BL01134,M0073,B020,30,2027-05-23,1
BL01135,M0034,B008,48,2027-02-25,1
BL01136,M0153,B016,16,2026-12-08,1
BL01137,M0157,B020,100,2026-12-09,1
BL01138,M0112,B006,20,2026-12-17,1
BL01139,M0192,B017,46,2026-09-13,1
BL01140,M0073,B003,88,2026-12-11,1
BL01141,M0172,B003,30,2027-06-20,1
BL01142,M0113,B001,104,2026-08-30,1
BL01143,M0148,B004,17,2026-09-21,1
BL01144,M0135,B015,87,2027-06-09,1
BL01145,M0084,B017,21,2026-07-15,1
BL01146,M0101,B014,35,2027-03-01,1
BL01147,M0074,B010,108,2026-08-27,1
BL01148,M0094,B016,103,2027-02-27,1
BL01149,M0199,B009,80,2026-07-16,1
BL01150,M0032,B005,69,2027-04-13,1
BL01151,M0164,B003,29,2026-09-28,1
BL01152,M0137,B016,90,2027-04-12,1
BL01153,M0167,B017,88,2026-11-24,1
BL01154,M0076,B018,26,2026-08-28,1
BL01155,M0181,B011,92,2026-09-30,1
BL01156,M0163,B002,82,2027-02-15,1
BL01157,M0119,B016,101,2026-11-26,1
BL01158,M0035,B013,36,2026-09-01,1
BL01159,M0023,B020,99,2027-03-06,1
BL01160,M0141,B016,27,2027-01-29,1
BL01161,M0186,B004,97,2027-05-30,1
BL01162,M0025,B001,30,2027-01-28,1
BL01163,M0029,B013,24,2026-10-06,1
BL01164,M0074,B013,91,2026-12-25,1
BL01165,M0041,B016,10,2026-10-10,1
BL01166,M0126,B020,61,2027-01-10,1
BL01167,M0112,B019,73,2027-02-12,1
BL01168,M0013,B011,96,2026-07-26,1
BL01169,M0047,B018,24,2027-06-14,1
BL01170,M0023,B012,34,2027-02-01,1
BL01171,M0084,B006,41,2026-09-11,1
BL01172,M0168,B013,21,2027-01-13,1
BL01173,M0056,B010,35,2026-12-08,1
BL01174,M0158,B009,29,2026-12-23,1
BL01175,M0012,B020,16,2026-07-10,1
BL01176,M0022,B012,76,2027-03-07,1
BL01177,M0053,B016,48,2027-05-21,1
BL01178,M0004,B011,33,2026-07-02,1
BL01179,M0169,B009,34,2026-07-07,1
BL01180,M0137,B005,28,2026-08-25,1
BL01181,M0032,B009,72,2026-09-07,1
BL01182,M0021,B015,74,2027-03-21,1
BL01183,M0166,B008,75,2027-02-09,1
BL01184,M0084,B009,19,2026-11-06,1
BL01185,M0093,B001,61,2027-02-02,1
BL01186,M0114,B002,90,2026-08-04,1
BL01187,M0133,B015,37,2026-07-03,1
BL01188,M0042,B019,56,2027-06-04,1
BL01189,M0118,B017,72,2026-06-27,1
BL01190,M0032,B003,78,2026-08-20,1
BL01191,M0106,B002,91,2027-02-02,1
BL01192,M0075,B016,106,2026-07-22,1
BL01193,M0037,B013,81,2027-03-30,1
BL01194,M0143,B020,98,2027-05-31,1
BL01195,M0158,B010,11,2026-09-10,1
BL01196,M0005,B017,46,2027-05-11,1
BL01197,M0189,B002,11,2027-03-09,1
BL01198,M0114,B005,36,2027-01-25,1
BL01199,M0053,B002,80,2026-07-19,1
BL01200,M0135,B006,31,2027-04-03,1
BL01201,M0113,B013,38,2027-03-30,1
BL01202,M0197,B006,62,2026-06-28,1
BL01203,M0120,B013,44,2027-04-22,1
BL01204,M0158,B007,40,2026-08-06,1
BL01205,M0002,B013,39,2027-03-25,1
BL01206,M0121,B017,28,2026-11-25,1
BL01207,M0042,B009,25,2026-11-21,1
BL01208,M0028,B006,60,2026-12-20,1
BL01209,M0092,B019,32,2027-06-24,1
BL01210,M0193,B020,87,2027-03-14,1
BL01211,M0190,B004,71,2026-07-08,1
BL01212,M0099,B011,20,2026-06-28,1
BL01213,M0160,B005,54,2026-12-02,1
BL01214,M0152,B014,46,2026-08-15,1
BL01215,M0109,B014,87,2026-09-01,1
BL01216,M0006,B002,80,2027-03-13,1
BL01217,M0138,B010,53,2027-06-24,1
BL01218,M0055,B010,19,2027-04-20,1
BL01219,M0052,B012,85,2027-02-26,1
BL01220,M0175,B015,97,2027-05-24,1
BL01221,M0180,B002,72,2026-08-03,1
BL01222,M0170,B005,98,2026-12-24,1
BL01223,M0187,B001,50,2027-05-24,1
BL01224,M0161,B020,58,2026-11-03,1
BL01225,M0080,B015,71,2026-10-17,1
BL01226,M0011,B012,100,2026-09-05,1
BL01227,M0038,B015,105,2027-03-10,1
BL01228,M0013,B001,27,2027-03-20,1
BL01229,M0144,B013,63,2027-06-01,1
BL01230,M0117,B006,80,2026-09-20,1
BL01231,M0152,B019,77,2026-07-29,1
BL01232,M0192,B001,97,2026-12-06,1
BL01233,M0001,B012,102,2027-06-10,1
BL01234,M0057,B013,33,2027-01-31,1
BL01235,M0001,B020,24,2027-05-14,1
BL01236,M0131,B019,74,2026-07-29,1
BL01237,M0051,B004,65,2027-04-07,1
BL01238,M0051,B013,73,2026-12-29,1
BL01239,M0046,B018,25,2026-08-14,1
BL01240,M0121,B017,94,2027-01-12,1
BL01241,M0081,B016,32,2026-08-22,1
BL01242,M0165,B006,50,2027-06-25,1
BL01243,M0033,B020,86,2026-12-19,1
BL01244,M0099,B009,66,2026-08-14,1
BL01245,M0110,B002,50,2027-01-18,1
BL01246,M0065,B001,56,2026-07-30,1
BL01247,M0100,B012,58,2026-07-12,1
BL01248,M0046,B012,58,2027-03-08,1
BL01249,M0133,B019,55,2026-08-17,1
BL01250,M0019,B003,92,2027-05-25,1
BL01251,M0097,B009,83,2027-04-28,1
BL01252,M0075,B017,88,2027-03-23,1
BL01253,M0151,B008,47,2026-11-13,1
BL01254,M0163,B016,101,2027-03-23,1
BL01255,M0171,B001,55,2026-08-19,1
BL01256,M0020,B001,74,2026-08-14,1
BL01257,M0016,B001,47,2027-01-27,1
BL01258,M0142,B016,49,2026-11-09,1
BL01259,M0133,B006,74,2027-03-08,1
BL01260,M0085,B005,106,2027-02-05,1
BL01261,M0138,B012,60,2026-08-09,1
BL01262,M0110,B016,20,2027-02-24,1
BL01263,M0033,B015,97,2026-08-12,1
BL01264,M0199,B001,64,2026-10-22,1
BL01265,M0063,B011,101,2027-01-20,1
BL01266,M0180,B012,15,2027-04-07,1
BL01267,M0090,B015,84,2026-10-30,1
BL01268,M0094,B018,106,2026-07-19,1
BL01269,M0170,B001,61,2026-11-16,1
BL01270,M0004,B010,13,2026-07-24,1
BL01271,M0041,B020,84,2027-04-09,1
BL01272,M0027,B012,78,2027-03-29,1
BL01273,M0077,B020,109,2026-07-21,1
BL01274,M0199,B009,77,2027-01-08,1
BL01275,M0075,B016,76,2027-04-27,1
BL01276,M0122,B020,35,2027-01-02,1
BL01277,M0067,B015,109,2026-12-23,1
BL01278,M0065,B005,96,2026-09-07,1
BL01279,M0144,B007,51,2026-12-30,1
BL01280,M0140,B018,87,2027-04-24,1
BL01281,M0087,B005,103,2027-04-26,1
BL01282,M0045,B005,98,2026-09-04,1
BL01283,M0076,B002,99,2026-11-23,1
BL01284,M0021,B003,73,2026-11-10,1
BL01285,M0178,B018,21,2026-12-06,1
BL01286,M0147,B003,98,2026-08-23,1
BL01287,M0009,B017,67,2026-09-19,1
BL01288,M0038,B006,88,2026-07-08,1
BL01289,M0127,B004,70,2027-01-24,1
BL01290,M0096,B008,33,2027-02-28,1
BL01291,M0122,B004,101,2026-08-31,1
BL01292,M0179,B018,13,2026-09-15,1
BL01293,M0066,B003,41,2027-03-02,1
BL01294,M0013,B006,85,2027-06-09,1
BL01295,M0161,B001,24,2027-02-25,1
BL01296,M0157,B010,59,2026-07-23,1
BL01297,M0188,B019,27,2026-07-05,1
BL01298,M0181,B008,11,2027-01-05,1
BL01299,M0184,B003,25,2027-05-14,1
BL01300,M0128,B006,101,2026-12-22,1
BL01301,M0079,B017,64,2026-12-22,1
BL01302,M0187,B011,43,2026-09-28,1
BL01303,M0139,B015,97,2027-01-31,1
BL01304,M0141,B004,13,2027-01-28,1
BL01305,M0016,B005,26,2026-07-09,1
BL01306,M0056,B003,29,2026-07-04,1
BL01307,M0091,B013,85,2026-08-25,1
BL01308,M0119,B007,55,2027-02-01,1
BL01309,M0198,B004,35,2027-05-22,1
BL01310,M0072,B018,95,2027-03-04,1
BL01311,M0083,B003,19,2026-07-18,1
BL01312,M0001,B001,55,2027-06-19,1
BL01313,M0143,B015,10,2026-08-19,1
BL01314,M0037,B019,104,2026-12-03,1
BL01315,M0022,B012,50,2027-05-04,1
BL01316,M0158,B005,29,2027-04-13,1
BL01317,M0163,B017,29,2027-04-12,1
BL01318,M0089,B002,29,2026-12-04,1
BL01319,M0030,B010,109,2026-06-26,1
BL01320,M0159,B016,96,2027-01-23,1
BL01321,M0189,B008,56,2027-04-09,1
BL01322,M0088,B006,74,2027-02-23,1
BL01323,M0070,B019,67,2026-07-19,1
BL01324,M0111,B015,17,2027-03-13,1
BL01325,M0072,B007,103,2026-10-20,1
BL01326,M0187,B017,66,2027-04-24,1
BL01327,M0119,B010,25,2027-02-17,1
BL01328,M0097,B011,12,2027-01-21,1
BL01329,M0111,B012,19,2027-05-02,1
BL01330,M0165,B020,81,2026-11-07,1
BL01331,M0038,B019,98,2026-11-04,1
BL01332,M0112,B011,46,2027-03-08,1
BL01333,M0124,B018,89,2027-06-18,1
BL01334,M0064,B017,108,2027-04-11,1
BL01335,M0147,B001,17,2027-02-16,1
BL01336,M0053,B016,63,2026-12-25,1
BL01337,M0088,B007,16,2027-05-28,1
BL01338,M0119,B011,80,2026-10-31,1
BL01339,M0178,B015,95,2027-03-30,1
BL01340,M0147,B007,100,2026-11-15,1
BL01341,M0176,B019,63,2026-08-03,1
BL01342,M0021,B003,69,2027-04-26,1
BL01343,M0005,B019,93,2027-01-27,1
BL01344,M0077,B012,69,2027-01-26,1
BL01345,M0061,B002,47,2026-07-27,1
BL01346,M0164,B017,44,2027-03-07,1
BL01347,M0047,B003,32,2026-12-28,1
BL01348,M0189,B012,64,2026-08-11,1
BL01349,M0042,B020,104,2027-02-11,1
BL01350,M0182,B010,11,2027-06-06,1
BL01351,M0002,B007,106,2027-03-13,1
BL01352,M0126,B011,59,2027-04-03,1
BL01353,M0041,B011,16,2027-03-26,1
BL01354,M0134,B003,87,2026-10-31,1
BL01355,M0200,B011,75,2026-07-05,1
BL01356,M0010,B009,56,2027-04-10,1
BL01357,M0110,B019,57,2026-11-14,1
BL01358,M0175,B020,16,2027-02-11,1
BL01359,M0020,B001,44,2026-09-07,1
BL01360,M0124,B008,23,2026-10-18,1
BL01361,M0041,B005,94,2026-09-13,1
BL01362,M0171,B009,34,2026-12-19,1
BL01363,M0122,B020,69,2027-03-25,1
BL01364,M0094,B016,18,2026-12-04,1
BL01365,M0086,B016,17,2027-03-24,1
BL01366,M0188,B015,59,2026-08-29,1
BL01367,M0010,B013,87,2026-09-05,1
BL01368,M0155,B012,15,2026-10-09,1
BL01369,M0168,B013,26,2026-08-12,1
BL01370,M0141,B015,78,2027-03-24,1
BL01371,M0175,B005,57,2027-05-26,1
BL01372,M0125,B003,69,2026-11-28,1
BL01373,M0192,B017,53,2026-11-23,1
BL01374,M0001,B020,29,2026-09-21,1
BL01375,M0117,B007,18,2027-05-22,1
BL01376,M0031,B012,50,2026-10-14,1
BL01377,M0178,B013,79,2027-02-12,1
BL01378,M0193,B016,98,2026-11-12,1
BL01379,M0182,B006,108,2027-04-20,1
BL01380,M0019,B019,21,2026-09-30,1
BL01381,M0008,B016,101,2026-10-05,1
BL01382,M0081,B019,48,2026-10-07,1
BL01383,M0003,B012,14,2027-02-10,1
BL01384,M0028,B017,12,2026-11-24,1
BL01385,M0012,B020,86,2026-07-19,1
BL01386,M0187,B005,38,2026-12-17,1
BL01387,M0161,B007,93,2027-01-20,1
BL01388,M0004,B008,34,2027-06-17,1
BL01389,M0017,B004,45,2026-07-18,1
BL01390,M0098,B020,22,2026-08-04,1
BL01391,M0080,B007,70,2027-04-02,1
BL01392,M0165,B018,21,2027-01-24,1
BL01393,M0177,B018,19,2026-09-28,1
BL01394,M0064,B006,102,2026-08-15,1
BL01395,M0060,B017,66,2027-01-24,1
BL01396,M0067,B005,36,2027-01-11,1
BL01397,M0119,B006,68,2027-02-22,1
BL01398,M0006,B014,17,2027-05-09,1
BL01399,M0111,B001,67,2027-01-28,1
BL01400,M0088,B014,29,2027-04-14,1
BL01401,M0118,B016,89,2026-10-14,1
BL01402,M0193,B007,46,2026-07-27,1
BL01403,M0035,B015,73,2026-09-07,1
BL01404,M0166,B004,72,2026-09-09,1
BL01405,M0135,B012,66,2026-10-14,1
BL01406,M0003,B018,47,2026-10-17,1
BL01407,M0068,B012,29,2027-01-20,1
BL01408,M0152,B012,53,2026-09-22,1
BL01409,M0086,B001,97,2027-02-03,1
BL01410,M0101,B016,35,2026-09-18,1
BL01411,M0179,B009,38,2026-12-20,1
BL01412,M0055,B015,52,2027-06-11,1
BL01413,M0020,B012,93,2027-02-03,1
BL01414,M0059,B008,35,2027-02-19,1
BL01415,M0044,B014,99,2027-04-19,1
BL01416,M0152,B009,72,2027-02-16,1
BL01417,M0085,B001,11,2026-10-08,1
BL01418,M0143,B016,51,2026-12-16,1
BL01419,M0048,B016,35,2026-12-29,1
BL01420,M0116,B015,30,2027-03-20,1
BL01421,M0083,B010,75,2026-09-27,1
BL01422,M0003,B012,101,2027-06-24,1
BL01423,M0194,B015,78,2027-01-05,1
BL01424,M0013,B013,61,2027-04-24,1
BL01425,M0080,B020,14,2026-12-25,1
BL01426,M0187,B020,36,2027-04-11,1
BL01427,M0085,B007,106,2026-07-11,1
BL01428,M0023,B007,81,2026-09-03,1
BL01429,M0151,B012,45,2026-12-30,1
BL01430,M0199,B017,74,2026-10-22,1
BL01431,M0154,B013,82,2027-05-27,1
BL01432,M0179,B015,102,2026-11-20,1
BL01433,M0074,B007,19,2027-01-10,1
BL01434,M0100,B016,97,2026-10-06,1
BL01435,M0190,B014,83,2027-03-20,1
BL01436,M0133,B009,109,2026-08-18,1
BL01437,M0101,B012,98,2026-08-29,1
BL01438,M0115,B013,52,2026-10-19,1
BL01439,M0009,B018,91,2027-02-19,1
BL01440,M0087,B005,19,2027-06-17,1
BL01441,M0048,B009,98,2026-09-06,1
BL01442,M0056,B004,74,2026-07-14,1
BL01443,M0095,B001,15,2026-11-17,1
BL01444,M0098,B019,10,2026-10-04,1
BL01445,M0087,B001,39,2026-11-10,1
BL01446,M0043,B014,73,2027-01-24,1
BL01447,M0091,B017,84,2026-10-24,1
BL01448,M0067,B017,42,2027-02-11,1
BL01449,M0077,B018,27,2026-09-20,1
BL01450,M0073,B003,19,2027-05-08,1
BL01451,M0125,B001,82,2026-08-29,1
BL01452,M0122,B014,105,2027-03-17,1
BL01453,M0124,B016,16,2026-09-17,1
BL01454,M0059,B017,16,2026-08-14,1
BL01455,M0098,B014,69,2027-01-16,1
BL01456,M0076,B008,44,2027-04-29,1
BL01457,M0198,B015,17,2027-06-09,1
BL01458,M0196,B010,65,2027-05-23,1
BL01459,M0116,B009,72,2026-12-17,1
BL01460,M0193,B002,32,2026-12-15,1
BL01461,M0069,B003,52,2026-10-13,1
BL01462,M0031,B009,101,2027-02-17,1
BL01463,M0132,B014,40,2026-11-13,1
BL01464,M0141,B017,26,2027-06-07,1
BL01465,M0005,B006,84,2027-01-24,1
BL01466,M0198,B005,90,2026-11-26,1
BL01467,M0079,B005,40,2026-12-05,1
BL01468,M0131,B018,109,2027-04-26,1
BL01469,M0024,B020,60,2026-08-12,1
BL01470,M0019,B012,52,2027-03-11,1
BL01471,M0133,B012,23,2026-09-07,1
BL01472,M0196,B010,35,2027-01-08,1
BL01473,M0169,B018,70,2027-02-18,1
BL01474,M0017,B004,100,2026-09-03,1
BL01475,M0058,B010,39,2026-11-09,1
BL01476,M0188,B020,63,2026-07-04,1
BL01477,M0177,B019,32,2026-09-29,1
BL01478,M0066,B008,77,2026-08-31,1
BL01479,M0128,B020,59,2027-02-21,1
BL01480,M0028,B013,75,2027-02-07,1
BL01481,M0043,B016,45,2026-07-06,1
BL01482,M0034,B003,102,2026-11-23,1
BL01483,M0145,B007,32,2027-04-12,1
BL01484,M0079,B002,18,2026-12-11,1
BL01485,M0043,B002,11,2026-11-01,1
BL01486,M0146,B006,24,2026-08-05,1
BL01487,M0049,B018,83,2027-06-24,1
BL01488,M0064,B011,22,2026-12-14,1
BL01489,M0121,B010,21,2026-11-29,1
BL01490,M0069,B013,60,2026-12-27,1
BL01491,M0130,B016,57,2027-03-19,1
BL01492,M0050,B017,46,2027-05-24,1
BL01493,M0082,B003,46,2027-04-02,1
BL01494,M0141,B005,14,2026-06-28,1
BL01495,M0045,B003,20,2026-08-29,1
BL01496,M0070,B004,36,2026-12-22,1
BL01497,M0143,B015,43,2026-10-08,1
BL01498,M0021,B019,34,2026-11-11,1
BL01499,M0158,B001,51,2026-11-21,1
BL01500,M0095,B005,55,2026-10-18,1
BL01501,M0043,B013,68,2027-03-14,1
BL01502,M0032,B019,74,2027-05-09,1
BL01503,M0175,B018,90,2027-04-03,1
BL01504,M0096,B020,89,2027-05-05,1
BL01505,M0016,B003,23,2027-06-07,1
BL01506,M0136,B009,108,2027-06-19,1
BL01507,M0083,B019,13,2026-10-28,1
BL01508,M0051,B013,102,2027-05-13,1
BL01509,M0193,B012,19,2026-11-04,1
BL01510,M0159,B010,72,2027-04-16,1
BL01511,M0188,B016,88,2026-10-25,1
BL01512,M0019,B002,74,2027-03-25,1
BL01513,M0112,B010,81,2026-08-25,1
BL01514,M0153,B007,99,2026-07-07,1
BL01515,M0116,B001,69,2027-02-25,1
BL01516,M0179,B014,17,2026-07-08,1
BL01517,M0016,B009,77,2027-06-10,1
BL01518,M0054,B019,96,2026-08-16,1
BL01519,M0183,B019,99,2026-12-14,1
BL01520,M0092,B015,98,2026-10-08,1
BL01521,M0172,B005,68,2026-10-04,1
BL01522,M0187,B008,85,2026-10-16,1
BL01523,M0126,B011,92,2026-10-30,1
BL01524,M0001,B016,54,2026-10-22,1
BL01525,M0141,B019,50,2026-12-18,1
BL01526,M0041,B002,22,2026-10-10,1
BL01527,M0020,B001,54,2027-06-20,1
BL01528,M0037,B007,85,2026-08-08,1
BL01529,M0039,B015,81,2026-09-16,1
BL01530,M0052,B018,100,2027-03-29,1
BL01531,M0132,B006,105,2026-11-05,1
BL01532,M0002,B011,24,2027-05-10,1
BL01533,M0067,B006,72,2027-06-08,1
BL01534,M0108,B003,38,2026-07-19,1
BL01535,M0192,B009,31,2026-12-26,1
BL01536,M0099,B014,31,2026-08-31,1
BL01537,M0189,B005,80,2027-03-04,1
BL01538,M0142,B003,75,2027-06-25,1
BL01539,M0146,B012,65,2027-03-08,1
BL01540,M0194,B019,99,2026-12-22,1
BL01541,M0095,B015,88,2026-07-26,1
BL01542,M0003,B013,17,2027-04-06,1
BL01543,M0110,B008,24,2026-12-16,1
BL01544,M0098,B003,12,2027-02-01,1
BL01545,M0147,B009,44,2026-10-07,1
BL01546,M0174,B020,94,2027-04-07,1
BL01547,M0077,B019,108,2027-03-01,1
BL01548,M0197,B003,71,2027-01-10,1
BL01549,M0196,B009,77,2026-12-20,1
BL01550,M0034,B006,13,2026-07-11,1
BL01551,M0195,B012,61,2027-05-18,1
BL01552,M0021,B020,92,2026-12-14,1
BL01553,M0165,B017,62,2026-10-22,1
BL01554,M0192,B016,13,2027-01-02,1
BL01555,M0153,B015,22,2026-08-07,1
BL01556,M0174,B005,69,2026-10-24,1
BL01557,M0167,B012,53,2026-12-05,1
BL01558,M0156,B016,88,2026-12-10,1
BL01559,M0082,B007,16,2026-06-28,1
BL01560,M0130,B019,88,2026-07-07,1
BL01561,M0101,B008,33,2026-09-02,1
BL01562,M0160,B017,77,2026-12-15,1
BL01563,M0016,B007,106,2027-03-18,1
BL01564,M0195,B018,63,2027-02-12,1
BL01565,M0155,B004,33,2026-10-13,1
BL01566,M0175,B019,109,2027-01-10,1
BL01567,M0135,B013,42,2027-03-21,1
BL01568,M0164,B017,26,2027-03-15,1
BL01569,M0193,B003,47,2026-08-04,1
BL01570,M0194,B013,52,2026-08-24,1
BL01571,M0160,B002,84,2026-10-23,1
BL01572,M0199,B009,15,2027-01-27,1
BL01573,M0164,B010,105,2026-08-22,1
BL01574,M0109,B013,48,2027-03-17,1
BL01575,M0175,B004,98,2026-06-30,1
BL01576,M0190,B017,24,2027-03-21,1
BL01577,M0077,B017,61,2026-08-08,1
BL01578,M0010,B017,72,2027-05-22,1
BL01579,M0117,B007,66,2027-01-06,1
BL01580,M0029,B009,52,2027-04-17,1
BL01581,M0095,B020,12,2027-01-18,1
BL01582,M0132,B020,34,2027-03-14,1
BL01583,M0157,B002,14,2027-01-06,1
BL01584,M0158,B017,97,2026-12-06,1
BL01585,M0172,B006,70,2027-03-18,1
BL01586,M0172,B020,76,2026-11-25,1
BL01587,M0122,B011,54,2026-09-19,1
BL01588,M0178,B001,98,2027-05-28,1
BL01589,M0159,B005,31,2026-07-05,1
BL01590,M0030,B009,45,2026-12-16,1
BL01591,M0078,B018,47,2026-10-24,1
BL01592,M0014,B015,33,2027-03-02,1
BL01593,M0002,B014,32,2026-08-30,1
BL01594,M0060,B012,32,2026-09-20,1
BL01595,M0059,B008,109,2026-12-25,1
BL01596,M0099,B006,81,2026-10-30,1
BL01597,M0072,B006,17,2026-12-07,1
BL01598,M0088,B012,51,2027-04-27,1
BL01599,M0165,B009,61,2027-04-04,1
BL01600,M0091,B012,20,2027-01-06,1
BL01601,M0108,B014,104,2027-03-25,1
BL01602,M0173,B011,92,2027-03-17,1
BL01603,M0133,B001,58,2027-06-12,1
BL01604,M0170,B008,53,2026-11-25,1
BL01605,M0175,B017,91,2026-10-25,1
BL01606,M0182,B013,98,2027-06-02,1
BL01607,M0062,B001,55,2027-04-29,1
BL01608,M0185,B020,31,2026-09-13,1
BL01609,M0149,B020,65,2027-02-22,1
BL01610,M0029,B002,16,2027-04-28,1
BL01611,M0187,B006,50,2026-11-10,1
BL01612,M0044,B019,59,2026-12-27,1
BL01613,M0200,B009,41,2026-10-19,1
BL01614,M0044,B004,96,2026-12-27,1
BL01615,M0190,B016,34,2027-03-04,1
BL01616,M0196,B006,84,2027-05-05,1
BL01617,M0106,B003,97,2027-06-08,1
BL01618,M0110,B013,25,2026-10-12,1
BL01619,M0082,B008,73,2026-09-10,1
BL01620,M0189,B006,46,2026-11-27,1
BL01621,M0078,B002,35,2027-04-08,1
BL01622,M0110,B012,36,2027-01-06,1
BL01623,M0040,B010,37,2026-10-17,1
BL01624,M0104,B011,93,2026-12-26,1
BL01625,M0102,B020,73,2027-06-15,1
BL01626,M0086,B004,14,2027-02-06,1
BL01627,M0068,B014,46,2027-01-24,1
BL01628,M0049,B018,69,2027-02-22,1
BL01629,M0029,B001,72,2027-04-04,1
BL01630,M0120,B002,39,2027-04-25,1
BL01631,M0025,B005,93,2027-05-12,1
BL01632,M0065,B019,93,2027-03-12,1
BL01633,M0053,B005,88,2026-07-04,1
BL01634,M0183,B006,34,2027-02-20,1
BL01635,M0096,B008,46,2027-03-20,1
BL01636,M0028,B015,22,2027-01-02,1
BL01637,M0177,B013,108,2027-03-20,1
BL01638,M0101,B014,99,2026-09-20,1
BL01639,M0076,B007,34,2026-09-08,1
BL01640,M0083,B002,84,2027-04-04,1
BL01641,M0020,B005,84,2026-12-17,1
BL01642,M0006,B004,83,2026-11-28,1
BL01643,M0136,B010,97,2026-07-27,1
BL01644,M0025,B013,25,2027-03-12,1
BL01645,M0039,B010,29,2027-06-07,1
BL01646,M0107,B019,26,2026-07-16,1
BL01647,M0173,B015,108,2026-07-02,1
BL01648,M0114,B008,14,2026-08-13,1
BL01649,M0030,B008,66,2026-06-28,1
BL01650,M0087,B010,36,2026-12-02,1
BL01651,M0144,B017,86,2026-10-25,1
BL01652,M0094,B008,80,2027-03-28,1
BL01653,M0107,B016,17,2026-10-23,1
BL01654,M0196,B015,94,2026-07-21,1
BL01655,M0113,B013,66,2027-05-14,1
BL01656,M0033,B016,80,2026-11-11,1
BL01657,M0176,B003,61,2027-02-11,1
BL01658,M0062,B008,66,2026-07-12,1
BL01659,M0020,B008,70,2027-04-27,1
BL01660,M0198,B019,100,2026-09-20,1
BL01661,M0136,B020,105,2027-05-04,1
BL01662,M0158,B008,65,2026-12-07,1
BL01663,M0156,B002,109,2026-11-30,1
BL01664,M0006,B016,60,2027-03-25,1
BL01665,M0117,B013,18,2027-01-14,1
BL01666,M0183,B014,35,2027-06-04,1
BL01667,M0121,B012,20,2026-06-28,1
BL01668,M0004,B019,94,2026-07-07,1
BL01669,M0194,B001,44,2026-07-12,1
BL01670,M0075,B015,86,2026-07-05,1
BL01671,M0016,B017,100,2026-11-10,1
BL01672,M0091,B018,80,2026-09-04,1
BL01673,M0105,B018,57,2026-12-09,1
BL01674,M0165,B019,93,2026-09-23,1
BL01675,M0067,B007,38,2026-09-10,1
BL01676,M0117,B012,65,2027-04-17,1
BL01677,M0061,B019,67,2027-03-12,1
BL01678,M0096,B003,97,2026-11-09,1
BL01679,M0131,B006,24,2027-04-17,1
BL01680,M0013,B019,43,2027-05-24,1
BL01681,M0081,B018,57,2026-08-14,1
BL01682,M0062,B016,27,2027-04-26,1
BL01683,M0037,B003,54,2027-05-19,1
BL01684,M0094,B006,25,2026-11-18,1
BL01685,M0070,B011,30,2027-03-03,1
BL01686,M0089,B018,79,2027-02-16,1
BL01687,M0073,B018,29,2027-02-09,1
BL01688,M0081,B014,101,2027-04-09,1
BL01689,M0120,B014,39,2026-07-11,1
BL01690,M0077,B017,76,2026-07-06,1
BL01691,M0091,B007,24,2027-03-14,1
BL01692,M0057,B016,90,2026-12-19,1
BL01693,M0177,B020,76,2027-03-19,1
BL01694,M0146,B018,50,2026-08-15,1
BL01695,M0029,B008,10,2027-01-09,1
BL01696,M0105,B020,42,2026-11-09,1
BL01697,M0067,B009,91,2027-05-03,1
BL01698,M0197,B018,58,2027-05-21,1
BL01699,M0001,B012,97,2026-09-19,1
BL01700,M0139,B019,60,2026-09-20,1
BL01701,M0113,B010,86,2027-01-14,1
BL01702,M0079,B004,64,2026-09-21,1
BL01703,M0051,B016,24,2026-11-04,1
BL01704,M0114,B006,66,2027-02-22,1
BL01705,M0021,B015,32,2027-06-16,1
BL01706,M0028,B006,45,2026-07-11,1
BL01707,M0116,B008,105,2026-07-04,1
BL01708,M0168,B019,95,2027-01-31,1
BL01709,M0098,B005,64,2026-10-22,1
BL01710,M0116,B012,40,2027-06-03,1
BL01711,M0096,B018,51,2026-09-24,1
BL01712,M0176,B018,30,2026-09-14,1
BL01713,M0042,B017,35,2027-06-17,1
BL01714,M0084,B007,103,2027-01-08,1
BL01715,M0096,B009,16,2026-11-28,1
BL01716,M0140,B012,88,2027-06-14,1
BL01717,M0169,B010,41,2026-08-26,1
BL01718,M0133,B010,46,2026-12-08,1
BL01719,M0039,B007,74,2027-04-03,1
BL01720,M0127,B016,72,2026-12-29,1
BL01721,M0087,B005,68,2026-07-27,1
BL01722,M0042,B011,46,2027-04-10,1
BL01723,M0016,B015,37,2027-03-12,1
BL01724,M0139,B002,101,2027-01-21,1
BL01725,M0089,B008,74,2026-07-04,1
BL01726,M0142,B013,46,2026-12-04,1
BL01727,M0052,B002,74,2026-12-21,1
BL01728,M0026,B002,66,2027-02-13,1
BL01729,M0079,B006,50,2026-07-21,1
BL01730,M0106,B014,92,2026-11-19,1
BL01731,M0200,B004,69,2026-10-25,1
BL01732,M0072,B016,84,2027-03-29,1
BL01733,M0190,B015,19,2026-10-26,1
BL01734,M0162,B018,108,2026-10-14,1
BL01735,M0076,B011,75,2026-11-26,1
BL01736,M0151,B010,103,2027-04-20,1
BL01737,M0183,B001,94,2026-10-01,1
BL01738,M0152,B006,75,2026-10-14,1
BL01739,M0069,B002,43,2026-09-19,1
BL01740,M0129,B003,36,2026-09-26,1
BL01741,M0037,B012,71,2027-04-01,1
BL01742,M0151,B017,92,2026-07-01,1
BL01743,M0171,B014,68,2027-03-06,1
BL01744,M0152,B005,47,2026-11-10,1
BL01745,M0114,B020,36,2026-12-13,1
BL01746,M0168,B005,22,2027-03-06,1
BL01747,M0170,B016,85,2027-02-04,1
BL01748,M0088,B019,50,2027-05-07,1
BL01749,M0129,B001,23,2026-09-05,1
BL01750,M0007,B002,59,2026-12-29,1
BL01751,M0059,B016,34,2027-03-19,1
BL01752,M0091,B011,70,2027-02-03,1
BL01753,M0149,B010,11,2027-05-01,1
BL01754,M0030,B020,89,2026-11-14,1
BL01755,M0171,B014,48,2027-06-13,1
BL01756,M0107,B020,12,2027-04-19,1
BL01757,M0071,B005,103,2026-10-30,1
BL01758,M0191,B013,96,2026-09-03,1
BL01759,M0051,B012,81,2026-08-16,1
BL01760,M0154,B007,73,2027-06-25,1
BL01761,M0107,B007,32,2026-11-23,1
BL01762,M0133,B007,105,2026-10-25,1
BL01763,M0141,B001,83,2026-11-07,1
BL01764,M0148,B014,19,2027-05-25,1
BL01765,M0186,B005,38,2026-10-07,1
BL01766,M0027,B001,27,2026-11-17,1
BL01767,M0052,B014,44,2026-07-25,1
BL01768,M0099,B003,62,2026-09-21,1
BL01769,M0144,B007,99,2026-10-08,1
BL01770,M0035,B014,16,2027-03-22,1
BL01771,M0179,B020,104,2026-10-31,1
BL01772,M0200,B012,16,2027-03-17,1
BL01773,M0198,B011,77,2026-08-31,1
BL01774,M0007,B019,68,2026-09-07,1
BL01775,M0164,B011,52,2026-12-12,1
BL01776,M0056,B005,31,2026-09-21,1
BL01777,M0081,B011,99,2027-04-30,1
BL01778,M0115,B009,52,2026-09-02,1
BL01779,M0194,B015,68,2026-12-04,1
BL01780,M0139,B019,34,2027-04-29,1
BL01781,M0040,B010,88,2026-11-08,1
BL01782,M0079,B007,83,2027-02-28,1
BL01783,M0167,B014,105,2027-06-06,1
BL01784,M0086,B006,47,2026-07-15,1
BL01785,M0065,B010,21,2026-10-16,1
BL01786,M0072,B007,43,2026-08-11,1
BL01787,M0037,B015,94,2026-09-07,1
BL01788,M0017,B007,109,2026-12-25,1
BL01789,M0108,B018,58,2027-04-20,1
BL01790,M0143,B009,92,2026-10-16,1
BL01791,M0175,B003,98,2027-05-26,1
BL01792,M0185,B010,30,2027-06-17,1
BL01793,M0044,B005,37,2027-04-12,1
BL01794,M0151,B001,51,2026-11-02,1
BL01795,M0120,B007,79,2026-08-01,1
BL01796,M0094,B011,13,2027-05-17,1
BL01797,M0172,B003,56,2026-12-12,1
BL01798,M0187,B020,12,2027-01-21,1
BL01799,M0107,B014,28,2026-09-06,1
BL01800,M0181,B020,96,2026-12-20,1
BL01801,M0055,B014,46,2027-01-07,1
BL01802,M0005,B011,100,2027-03-15,1
BL01803,M0096,B015,27,2027-06-22,1
BL01804,M0118,B009,38,2026-11-24,1
BL01805,M0039,B006,73,2027-01-22,1
BL01806,M0159,B009,53,2026-10-02,1
BL01807,M0100,B020,59,2027-03-25,1
BL01808,M0062,B017,101,2027-05-08,1
BL01809,M0125,B015,45,2027-02-21,1
BL01810,M0132,B008,76,2027-02-02,1
BL01811,M0017,B003,58,2026-08-14,1
BL01812,M0181,B007,108,2027-04-22,1
BL01813,M0118,B006,71,2026-12-21,1
BL01814,M0094,B020,105,2027-01-16,1
BL01815,M0008,B008,34,2027-06-12,1
BL01816,M0007,B002,78,2027-04-07,1
BL01817,M0107,B007,13,2026-11-01,1
BL01818,M0105,B014,76,2026-11-10,1
BL01819,M0069,B012,35,2026-07-02,1
BL01820,M0015,B006,108,2027-01-28,1
BL01821,M0095,B015,19,2026-09-17,1
BL01822,M0190,B013,35,2027-04-04,1
BL01823,M0091,B014,14,2027-03-18,1
BL01824,M0118,B008,77,2027-05-17,1
BL01825,M0004,B007,19,2027-06-07,1
BL01826,M0176,B019,33,2026-07-22,1
BL01827,M0178,B005,75,2026-08-11,1
BL01828,M0087,B010,57,2026-10-26,1
BL01829,M0061,B014,60,2026-12-10,1
BL01830,M0057,B008,59,2026-07-08,1
BL01831,M0167,B003,71,2026-11-29,1
BL01832,M0061,B018,88,2026-08-11,1
BL01833,M0141,B014,79,2026-08-14,1
BL01834,M0069,B020,21,2027-03-07,1
BL01835,M0076,B002,73,2026-08-09,1
BL01836,M0163,B006,27,2026-07-17,1
BL01837,M0141,B010,104,2027-02-18,1
BL01838,M0045,B020,74,2027-03-27,1
BL01839,M0139,B006,104,2026-10-08,1
BL01840,M0050,B014,58,2026-07-30,1
BL01841,M0121,B012,21,2027-04-25,1
BL01842,M0043,B001,50,2027-06-15,1
BL01843,M0014,B003,66,2027-03-25,1
BL01844,M0141,B019,98,2026-10-19,1
BL01845,M0122,B007,104,2026-11-08,1
BL01846,M0124,B002,38,2026-08-16,1
BL01847,M0008,B015,50,2027-03-19,1
BL01848,M0127,B014,27,2026-07-05,1
BL01849,M0180,B017,12,2027-04-27,1
BL01850,M0160,B001,95,2026-10-09,1
BL01851,M0172,B009,50,2026-10-06,1
BL01852,M0034,B014,50,2027-01-24,1
BL01853,M0001,B002,75,2026-10-02,1
BL01854,M0051,B006,41,2027-02-21,1
BL01855,M0028,B014,68,2026-11-30,1
BL01856,M0161,B008,56,2026-09-02,1
BL01857,M0187,B010,65,2026-10-18,1
BL01858,M0151,B005,53,2026-11-16,1
BL01859,M0067,B019,40,2027-06-14,1
BL01860,M0127,B008,107,2027-03-31,1
BL01861,M0173,B005,15,2026-07-27,1
BL01862,M0102,B020,61,2026-09-14,1
BL01863,M0131,B020,35,2027-06-16,1
BL01864,M0076,B012,59,2026-12-15,1
BL01865,M0161,B013,59,2026-08-22,1
BL01866,M0099,B001,90,2027-04-30,1
BL01867,M0110,B010,53,2027-03-23,1
BL01868,M0094,B020,98,2027-01-01,1
BL01869,M0122,B006,89,2027-04-23,1
BL01870,M0113,B019,100,2027-03-01,1
BL01871,M0104,B008,47,2027-03-08,1
BL01872,M0149,B016,98,2026-07-02,1
BL01873,M0123,B009,63,2027-02-20,1
BL01874,M0186,B017,15,2027-01-08,1
BL01875,M0058,B020,45,2027-04-11,1
BL01876,M0028,B008,37,2026-11-08,1
BL01877,M0085,B001,64,2027-01-18,1
BL01878,M0160,B004,77,2027-01-05,1
BL01879,M0151,B002,48,2026-10-12,1
BL01880,M0198,B018,103,2027-03-23,1
BL01881,M0036,B015,69,2027-03-20,1
BL01882,M0070,B005,53,2026-08-18,1
BL01883,M0162,B003,103,2026-12-25,1
BL01884,M0037,B018,22,2026-11-12,1
BL01885,M0097,B012,10,2026-09-07,1
BL01886,M0087,B007,41,2027-03-04,1
BL01887,M0164,B015,89,2027-03-24,1
BL01888,M0067,B007,92,2027-04-15,1
BL01889,M0192,B001,33,2026-11-07,1
BL01890,M0156,B012,75,2027-05-03,1
BL01891,M0074,B014,88,2026-07-14,1
BL01892,M0052,B020,32,2027-05-19,1
BL01893,M0099,B005,88,2027-01-29,1
BL01894,M0025,B016,26,2027-06-06,1
BL01895,M0076,B006,39,2027-05-27,1
BL01896,M0034,B015,32,2027-04-28,1
BL01897,M0044,B006,90,2026-12-27,1
BL01898,M0192,B020,41,2027-06-07,1
BL01899,M0039,B014,12,2027-03-14,1
BL01900,M0047,B018,107,2027-01-26,1
BL01901,M0006,B019,57,2027-06-15,1
BL01902,M0164,B007,50,2027-05-28,1
BL01903,M0099,B011,29,2026-09-19,1
BL01904,M0038,B018,12,2026-11-02,1
BL01905,M0011,B002,105,2026-10-28,1
BL01906,M0190,B007,103,2027-03-31,1
BL01907,M0092,B005,34,2026-06-27,1
BL01908,M0073,B014,36,2026-06-26,1
BL01909,M0174,B011,42,2026-08-01,1
BL01910,M0106,B011,55,2027-01-29,1
BL01911,M0132,B002,68,2027-01-20,1
BL01912,M0034,B003,22,2026-08-30,1
BL01913,M0002,B014,57,2027-03-02,1
BL01914,M0002,B009,109,2026-11-18,1
BL01915,M0045,B009,95,2026-08-15,1
BL01916,M0157,B010,105,2027-06-14,1
BL01917,M0016,B004,35,2026-11-24,1
BL01918,M0177,B001,107,2026-09-14,1
BL01919,M0195,B020,20,2027-01-16,1
BL01920,M0036,B004,23,2026-10-28,1
BL01921,M0156,B005,75,2026-09-13,1
BL01922,M0048,B016,36,2027-05-23,1
BL01923,M0191,B018,103,2026-11-23,1
BL01924,M0169,B008,28,2027-05-12,1
BL01925,M0135,B018,27,2026-06-26,1
BL01926,M0171,B017,33,2027-02-20,1
BL01927,M0045,B020,93,2027-03-21,1
BL01928,M0062,B011,84,2027-04-24,1
BL01929,M0197,B019,67,2027-01-17,1
BL01930,M0052,B002,94,2027-01-27,1
BL01931,M0126,B006,17,2026-07-03,1
BL01932,M0183,B005,11,2027-01-20,1
BL01933,M0096,B009,88,2026-07-13,1
BL01934,M0149,B015,53,2027-05-22,1
BL01935,M0021,B006,94,2027-05-29,1
BL01936,M0134,B008,52,2026-10-19,1
BL01937,M0002,B008,36,2026-06-27,1
BL01938,M0146,B012,37,2027-05-05,1
BL01939,M0149,B003,86,2027-04-10,1
BL01940,M0084,B008,72,2027-06-23,1
BL01941,M0062,B017,79,2026-11-24,1
BL01942,M0131,B011,108,2027-01-15,1
BL01943,M0047,B007,83,2026-08-02,1
BL01944,M0174,B005,99,2026-11-14,1
BL01945,M0046,B017,47,2027-01-02,1
BL01946,M0013,B002,84,2026-08-23,1
BL01947,M0088,B004,77,2027-01-02,1
BL01948,M0156,B004,34,2026-08-10,1
BL01949,M0085,B019,19,2027-05-15,1
BL01950,M0129,B012,96,2026-08-06,1
BL01951,M0096,B005,106,2026-08-26,1
BL01952,M0155,B020,45,2026-10-27,1
BL01953,M0006,B013,84,2027-01-09,1
BL01954,M0003,B020,43,2026-08-27,1
BL01955,M0035,B010,24,2027-03-29,1
BL01956,M0156,B004,18,2026-12-02,1
BL01957,M0194,B002,106,2027-04-02,1
BL01958,M0115,B015,39,2026-09-15,1
BL01959,M0148,B002,29,2027-03-05,1
BL01960,M0153,B010,58,2027-02-19,1
BL01961,M0077,B016,98,2026-08-01,1
BL01962,M0046,B005,62,2026-07-09,1
BL01963,M0179,B016,32,2027-05-12,1
BL01964,M0134,B017,30,2026-11-20,1
BL01965,M0192,B015,76,2026-08-28,1
BL01966,M0165,B012,56,2026-10-02,1
BL01967,M0093,B014,85,2026-12-01,1
BL01968,M0092,B019,91,2027-04-14,1
BL01969,M0015,B003,98,2026-11-28,1
BL01970,M0131,B019,102,2026-07-30,1
BL01971,M0124,B002,96,2026-10-19,1
BL01972,M0086,B007,20,2026-12-16,1
BL01973,M0156,B016,107,2026-10-04,1
BL01974,M0011,B018,75,2026-12-11,1
BL01975,M0153,B019,81,2026-08-13,1
BL01976,M0160,B015,78,2027-04-05,1
BL01977,M0049,B004,44,2026-08-08,1
BL01978,M0086,B008,65,2027-02-09,1
BL01979,M0081,B012,102,2026-06-28,1
BL01980,M0058,B009,106,2026-07-23,1
BL01981,M0137,B011,81,2027-02-06,1
BL01982,M0112,B011,104,2026-08-18,1
BL01983,M0148,B003,82,2026-11-25,1
BL01984,M0192,B014,25,2026-08-22,1
BL01985,M0086,B018,15,2026-10-26,1
BL01986,M0163,B004,93,2026-07-01,1
BL01987,M0070,B010,27,2026-07-30,1
BL01988,M0005,B001,18,2027-04-07,1
BL01989,M0179,B020,42,2026-11-20,1
BL01990,M0114,B013,79,2027-05-02,1
BL01991,M0153,B017,84,2027-02-25,1
BL01992,M0098,B011,19,2026-10-28,1
BL01993,M0115,B014,92,2027-06-09,1
BL01994,M0038,B001,101,2026-09-05,1
BL01995,M0016,B017,63,2026-10-17,1
BL01996,M0090,B009,91,2026-07-20,1
BL01997,M0167,B009,88,2026-10-15,1
BL01998,M0195,B013,28,2026-12-06,1
BL01999,M0076,B010,14,2026-10-08,1
BL02000,M0049,B007,20,2027-01-23,1
