stock_id,branch_id,medicine_id,quantity_boxes,version
S00001,B001,M0001,155,1
S00002,B001,M0011,167,1
S00003,B001,M0021,136,1
S00004,B001,M0031,163,1
S00005,B001,M0041,72,1
S00006,B001,M0051,191,1
S00007,B001,M0061,116,1
S00008,B001,M0071,63,1
S00009,B001,M0081,123,1
S00010,B001,M0091,134,1
S00011,B001,M0101,72,1
S00012,B001,M0111,168,1
S00013,B001,M0121,90,1
S00014,B001,M0131,149,1
S00015,B001,M0141,169,1
S00016,B001,M0151,132,1
S00017,B001,M0161,79,1
S00018,B001,M0171,57,1
S00019,B001,M0181,65,1
S00020,B001,M0191,122,1
S00021,B002,M0001,60,1
S00022,B002,M0011,145,1
S00023,B002,M0021,193,1
S00024,B002,M0031,171,1
S00025,B002,M0041,79,1
S00026,B002,M0051,127,1
S00027,B002,M0061,149,1
S00028,B002,M0071,58,1
S00029,B002,M0081,196,1
S00030,B002,M0091,82,1
S00031,B002,M0101,161,1
S00032,B002,M0111,59,1
S00033,B002,M0121,151,1
S00034,B002,M0131,154,1
S00035,B002,M0141,144,1
S00036,B002,M0151,126,1
S00037,B002,M0161,158,1
S00038,B002,M0171,60,1
S00039,B002,M0181,178,1
S00040,B002,M0191,100,1
S00041,B003,M0001,56,1
S00042,B003,M0011,192,1
S00043,B003,M0021,120,1
S00044,B003,M0031,179,1
S00045,B003,M0041,166,1
S00046,B003,M0051,141,1
S00047,B003,M0061,57,1
S00048,B003,M0071,176,1
S00049,B003,M0081,154,1
S00050,B003,M0091,142,1
S00051,B003,M0101,67,1
S00052,B003,M0111,91,1
S00053,B003,M0121,188,1
S00054,B003,M0131,171,1
S00055,B003,M0141,66,1
S00056,B003,M0151,168,1
S00057,B003,M0161,181,1
S00058,B003,M0171,143,1
S00059,B003,M0181,71,1
S00060,B003,M0191,57,1
S00061,B004,M0001,186,1
S00062,B004,M0011,181,1
S00063,B004,M0021,172,1
S00064,B004,M0031,148,1
S00065,B004,M0041,179,1
S00066,B004,M0051,191,1
S00067,B004,M0061,126,1
S00068,B004,M0071,189,1
S00069,B004,M0081,50,1
S00070,B004,M0091,52,1
S00071,B004,M0101,104,1
S00072,B004,M0111,96,1
S00073,B004,M0121,119,1
S00074,B004,M0131,191,1
S00075,B004,M0141,138,1
S00076,B004,M0151,112,1
S00077,B004,M0161,181,1
S00078,B004,M0171,132,1
S00079,B004,M0181,79,1
S00080,B004,M0191,66,1
S00081,B005,M0001,148,1
S00082,B005,M0011,180,1
S00083,B005,M0021,140,1
S00084,B005,M0031,54,1
S00085,B005,M0041,89,1
S00086,B005,M0051,125,1
S00087,B005,M0061,74,1
S00088,B005,M0071,76,1
S00089,B005,M0081,116,1
S00090,B005,M0091,104,1
S00091,B005,M0101,147,1
S00092,B005,M0111,170,1
S00093,B005,M0121,111,1
S00094,B005,M0131,186,1
S00095,B005,M0141,51,1
S00096,B005,M0151,87,1
S00097,B005,M0161,92,1
S00098,B005,M0171,114,1
S00099,B005,M0181,118,1
S00100,B005,M0191,165,1
S00101,B006,M0001,182,1
S00102,B006,M0011,79,1
S00103,B006,M0021,85,1
S00104,B006,M0031,70,1
S00105,B006,M0041,132,1
S00106,B006,M0051,191,1
S00107,B006,M0061,86,1
S00108,B006,M0071,141,1
S00109,B006,M0081,115,1
S00110,B006,M0091,132,1
S00111,B006,M0101,155,1
S00112,B006,M0111,157,1
S00113,B006,M0121,52,1
S00114,B006,M0131,193,1
S00115,B006,M0141,52,1
S00116,B006,M0151,96,1
S00117,B006,M0161,121,1
S00118,B006,M0171,155,1
S00119,B006,M0181,73,1
S00120,B006,M0191,71,1
S00121,B007,M0001,110,1
S00122,B007,M0011,151,1
S00123,B007,M0021,185,1
S00124,B007,M0031,60,1
S00125,B007,M0041,62,1
S00126,B007,M0051,80,1
S00127,B007,M0061,75,1
S00128,B007,M0071,84,1
S00129,B007,M0081,107,1
S00130,B007,M0091,70,1
S00131,B007,M0101,166,1
S00132,B007,M0111,168,1
S00133,B007,M0121,107,1
S00134,B007,M0131,199,1
S00135,B007,M0141,189,1
S00136,B007,M0151,125,1
S00137,B007,M0161,74,1
S00138,B007,M0171,111,1
S00139,B007,M0181,65,1
S00140,B007,M0191,82,1
S00141,B008,M0001,185,1
S00142,B008,M0011,98,1
S00143,B008,M0021,100,1
S00144,B008,M0031,71,1
S00145,B008,M0041,138,1
S00146,B008,M0051,151,1
S00147,B008,M0061,176,1
S00148,B008,M0071,96,1
S00149,B008,M0081,130,1
S00150,B008,M0091,66,1
S00151,B008,M0101,59,1
S00152,B008,M0111,141,1
S00153,B008,M0121,82,1
S00154,B008,M0131,173,1
S00155,B008,M0141,163,1
S00156,B008,M0151,133,1
S00157,B008,M0161,151,1
S00158,B008,M0171,105,1
S00159,B008,M0181,177,1
S00160,B008,M0191,145,1
S00161,B009,M0001,134,1
S00162,B009,M0011,108,1
S00163,B009,M0021,119,1
S00164,B009,M0031,63,1
S00165,B009,M0041,188,1
S00166,B009,M0051,141,1
S00167,B009,M0061,79,1
S00168,B009,M0071,174,1
S00169,B009,M0081,97,1
S00170,B009,M0091,105,1
S00171,B009,M0101,76,1
S00172,B009,M0111,104,1
S00173,B009,M0121,155,1
S00174,B009,M0131,107,1
S00175,B009,M0141,158,1
S00176,B009,M0151,192,1
S00177,B009,M0161,76,1
S00178,B009,M0171,137,1
S00179,B009,M0181,140,1
S00180,B009,M0191,96,1
S00181,B010,M0001,163,1
S00182,B010,M0011,87,1
S00183,B010,M0021,183,1
S00184,B010,M0031,173,1
S00185,B010,M0041,106,1
S00186,B010,M0051,107,1
S00187,B010,M0061,141,1
S00188,B010,M0071,195,1
S00189,B010,M0081,102,1
S00190,B010,M0091,104,1
S00191,B010,M0101,136,1
S00192,B010,M0111,132,1
S00193,B010,M0121,151,1
S00194,B010,M0131,189,1
S00195,B010,M0141,150,1
S00196,B010,M0151,115,1
S00197,B010,M0161,160,1
S00198,B010,M0171,75,1
S00199,B010,M0181,123,1
S00200,B010,M0191,166,1
S00201,B011,M0001,100,1
S00202,B011,M0011,133,1
S00203,B011,M0021,81,1
S00204,B011,M0031,59,1
S00205,B011,M0041,175,1
S00206,B011,M0051,162,1
S00207,B011,M0061,65,1
S00208,B011,M0071,67,1
S00209,B011,M0081,128,1
S00210,B011,M0091,121,1
S00211,B011,M0101,89,1
S00212,B011,M0111,135,1
S00213,B011,M0121,133,1
S00214,B011,M0131,60,1
S00215,B011,M0141,108,1
S00216,B011,M0151,133,1
S00217,B011,M0161,134,1
S00218,B011,M0171,68,1
S00219,B011,M0181,69,1
S00220,B011,M0191,120,1
S00221,B012,M0001,196,1
S00222,B012,M0011,94,1
S00223,B012,M0021,184,1
S00224,B012,M0031,156,1
S00225,B012,M0041,92,1
S00226,B012,M0051,72,1
S00227,B012,M0061,86,1
S00228,B012,M0071,176,1
S00229,B012,M0081,89,1
S00230,B012,M0091,161,1
S00231,B012,M0101,185,1
S00232,B012,M0111,146,1
S00233,B012,M0121,150,1
S00234,B012,M0131,58,1
S00235,B012,M0141,64,1
S00236,B012,M0151,199,1
S00237,B012,M0161,162,1
S00238,B012,M0171,106,1
S00239,B012,M0181,194,1
S00240,B012,M0191,52,1
S00241,B013,M0001,198,1
S00242,B013,M0011,106,1
S00243,B013,M0021,174,1
S00244,B013,M0031,50,1
S00245,B013,M0041,183,1
S00246,B013,M0051,103,1
S00247,B013,M0061,66,1
S00248,B013,M0071,51,1
S00249,B013,M0081,61,1
S00250,B013,M0091,68,1
S00251,B013,M0101,64,1
S00252,B013,M0111,159,1
S00253,B013,M0121,58,1
S00254,B013,M0131,169,1
S00255,B013,M0141,61,1
S00256,B013,M0151,141,1
S00257,B013,M0161,95,1
S00258,B013,M0171,69,1
S00259,B013,M0181,165,1
S00260,B013,M0191,123,1
S00261,B014,M0001,64,1
S00262,B014,M0011,55,1
S00263,B014,M0021,78,1
S00264,B014,M0031,157,1
S00265,B014,M0041,91,1
S00266,B014,M0051,113,1
S00267,B014,M0061,137,1
S00268,B014,M0071,122,1
S00269,B014,M0081,122,1
S00270,B014,M0091,167,1
S00271,B014,M0101,57,1
S00272,B014,M0111,195,1
S00273,B014,M0121,110,1
S00274,B014,M0131,161,1
S00275,B014,M0141,143,1
S00276,B014,M0151,70,1
S00277,B014,M0161,94,1
S00278,B014,M0171,102,1
S00279,B014,M0181,81,1
S00280,B014,M0191,62,1
S00281,B015,M0001,105,1
S00282,B015,M0011,90,1
S00283,B015,M0021,139,1
S00284,B015,M0031,197,1
S00285,B015,M0041,105,1
S00286,B015,M0051,152,1
S00287,B015,M0061,160,1
S00288,B015,M0071,131,1
S00289,B015,M0081,106,1
S00290,B015,M0091,181,1
S00291,B015,M0101,157,1
S00292,B015,M0111,61,1
S00293,B015,M0121,67,1
S00294,B015,M0131,79,1
S00295,B015,M0141,103,1
S00296,B015,M0151,185,1
S00297,B015,M0161,111,1
S00298,B015,M0171,56,1
S00299,B015,M0181,184,1
S00300,B015,M0191,145,1
S00301,B016,M0001,131,1
S00302,B016,M0011,106,1
S00303,B016,M0021,97,1
S00304,B016,M0031,134,1
S00305,B016,M0041,68,1
S00306,B016,M0051,90,1
S00307,B016,M0061,77,1
S00308,B016,M0071,155,1
S00309,B016,M0081,109,1
S00310,B016,M0091,129,1
S00311,B016,M0101,95,1
S00312,B016,M0111,90,1
S00313,B016,M0121,65,1
S00314,B016,M0131,87,1
S00315,B016,M0141,92,1
S00316,B016,M0151,135,1
S00317,B016,M0161,117,1
S00318,B016,M0171,196,1
S00319,B016,M0181,157,1
S00320,B016,M0191,129,1
S00321,B017,M0001,137,1
S00322,B017,M0011,191,1
S00323,B017,M0021,131,1
S00324,B017,M0031,198,1
S00325,B017,M0041,139,1
S00326,B017,M0051,196,1
S00327,B017,M0061,176,1
S00328,B017,M0071,136,1
S00329,B017,M0081,152,1
S00330,B017,M0091,103,1
S00331,B017,M0101,77,1
S00332,B017,M0111,111,1
S00333,B017,M0121,76,1
S00334,B017,M0131,107,1
S00335,B017,M0141,159,1
S00336,B017,M0151,178,1
S00337,B017,M0161,104,1
S00338,B017,M0171,194,1
S00339,B017,M0181,83,1
S00340,B017,M0191,151,1
S00341,B018,M0001,120,1
S00342,B018,M0011,191,1
S00343,B018,M0021,101,1
S00344,B018,M0031,145,1
S00345,B018,M0041,111,1
S00346,B018,M0051,92,1
S00347,B018,M0061,163,1
S00348,B018,M0071,91,1
S00349,B018,M0081,123,1
S00350,B018,M0091,159,1
S00351,B018,M0101,114,1
S00352,B018,M0111,119,1
S00353,B018,M0121,192,1
S00354,B018,M0131,98,1
S00355,B018,M0141,170,1
S00356,B018,M0151,151,1
S00357,B018,M0161,135,1
S00358,B018,M0171,124,1
S00359,B018,M0181,63,1
S00360,B018,M0191,66,1
S00361,B019,M0001,169,1
S00362,B019,M0011,85,1
S00363,B019,M0021,51,1
S00364,B019,M0031,181,1
S00365,B019,M0041,78,1
S00366,B019,M0051,116,1
S00367,B019,M0061,168,1
S00368,B019,M0071,177,1
S00369,B019,M0081,142,1
S00370,B019,M0091,96,1
S00371,B019,M0101,189,1
S00372,B019,M0111,155,1
S00373,B019,M0121,198,1
S00374,B019,M0131,136,1
S00375,B019,M0141,140,1
S00376,B019,M0151,121,1
S00377,B019,M0161,151,1
S00378,B019,M0171,144,1
S00379,B019,M0181,192,1
S00380,B019,M0191,70,1
S00381,B020,M0001,87,1
S00382,B020,M0011,123,1
S00383,B020,M0021,157,1
S00384,B020,M0031,125,1
S00385,B020,M0041,189,1
S00386,B020,M0051,165,1
S00387,B020,M0061,68,1
S00388,B020,M0071,119,1
S00389,B020,M0081,198,1
S00390,B020,M0091,129,1
S00391,B020,M0101,93,1
S00392,B020,M0111,135,1
S00393,B020,M0121,177,1
S00394,B020,M0131,90,1
S00395,B020,M0141,123,1
S00396,B020,M0151,51,1
S00397,B020,M0161,118,1
S00398,B020,M0171,65,1
S00399,B020,M0181,199,1
S00400,B020,M0191,65,1
S00401,B016,M0038,11,1
S00402,B004,M0082,170,1
S00403,B013,M0140,127,1
S00404,B006,M0040,63,1
S00405,B003,M0078,51,1
S00406,B003,M0200,194,1
S00407,B008,M0092,207,1
S00408,B016,M0031,122,1
S00409,B020,M0179,13,1
S00410,B015,M0044,12,1
S00411,B012,M0164,120,1
S00412,B011,M0001,191,1
S00413,B008,M0174,151,1
S00414,B008,M0034,86,1
S00415,B003,M0097,38,1
S00416,B011,M0108,180,1
S00417,B018,M0135,101,1
S00418,B015,M0115,198,1
S00419,B003,M0173,68,1
S00420,B010,M0164,159,1
S00421,B010,M0009,130,1
S00422,B010,M0170,128,1
S00423,B010,M0060,61,1
S00424,B019,M0177,185,1
S00425,B002,M0163,122,1
S00426,B013,M0103,170,1
S00427,B006,M0020,79,1
S00428,B009,M0059,158,1
S00429,B013,M0136,24,1
S00430,B009,M0121,166,1
S00431,B018,M0177,123,1
S00432,B012,M0129,11,1
S00433,B012,M0045,18,1
S00434,B014,M0140,51,1
S00435,B004,M0147,88,1
S00436,B013,M0078,180,1
S00437,B018,M0069,180,1
S00438,B005,M0019,185,1
S00439,B007,M0142,21,1
S00440,B011,M0140,128,1
S00441,B004,M0122,177,1
S00442,B019,M0160,159,1
S00443,B018,M0029,189,1
S00444,B005,M0090,83,1
S00445,B004,M0098,70,1
S00446,B009,M0007,123,1
S00447,B015,M0155,46,1
S00448,B007,M0193,87,1
S00449,B001,M0027,184,1
S00450,B001,M0057,77,1
S00451,B002,M0103,75,1
S00452,B012,M0124,182,1
S00453,B009,M0021,37,1
S00454,B013,M0180,193,1
S00455,B002,M0098,96,1
S00456,B006,M0141,127,1
S00457,B003,M0019,120,1
S00458,B004,M0169,47,1
S00459,B002,M0183,165,1
S00460,B018,M0083,140,1
S00461,B015,M0197,14,1
S00462,B015,M0006,129,1
S00463,B005,M0143,89,1
S00464,B019,M0137,37,1
S00465,B011,M0149,21,1
S00466,B014,M0170,168,1
S00467,B003,M0079,48,1
S00468,B014,M0074,148,1
S00469,B017,M0044,76,1
S00470,B012,M0031,91,1
S00471,B016,M0063,128,1
S00472,B020,M0040,13,1
S00473,B004,M0177,196,1
S00474,B012,M0122,190,1
S00475,B019,M0041,38,1
S00476,B017,M0132,113,1
S00477,B004,M0126,78,1
S00478,B018,M0039,99,1
S00479,B017,M0084,111,1
S00480,B012,M0087,39,1
S00481,B004,M0023,182,1
S00482,B010,M0073,55,1
S00483,B001,M0003,144,1
S00484,B007,M0183,166,1
S00485,B011,M0079,124,1
S00486,B008,M0158,188,1
S00487,B007,M0174,55,1
S00488,B009,M0021,50,1
S00489,B016,M0080,20,1
S00490,B002,M0031,142,1
S00491,B008,M0019,107,1
S00492,B003,M0082,97,1
S00493,B008,M0176,59,1
S00494,B019,M0117,140,1
S00495,B016,M0017,47,1
S00496,B005,M0153,10,1
S00497,B002,M0107,169,1
S00498,B004,M0095,126,1
S00499,B016,M0067,205,1
S00500,B019,M0024,139,1
S00501,B001,M0025,181,1
S00502,B005,M0105,181,1
S00503,B008,M0077,174,1
S00504,B016,M0047,93,1
S00505,B001,M0085,155,1
S00506,B014,M0176,12,1
S00507,B001,M0165,174,1
S00508,B014,M0099,141,1
S00509,B016,M0134,146,1
S00510,B016,M0096,193,1
S00511,B012,M0127,108,1
S00512,B002,M0036,184,1
S00513,B013,M0070,51,1
S00514,B004,M0079,152,1
S00515,B002,M0182,208,1
S00516,B003,M0018,43,1
S00517,B004,M0093,19,1
S00518,B018,M0019,204,1
S00519,B012,M0116,190,1
S00520,B012,M0094,133,1
S00521,B013,M0001,105,1
S00522,B019,M0118,146,1
S00523,B016,M0181,79,1
S00524,B008,M0188,35,1
S00525,B007,M0140,90,1
S00526,B017,M0067,156,1
S00527,B011,M0197,208,1
S00528,B014,M0006,15,1
S00529,B008,M0091,73,1
S00530,B008,M0185,32,1
S00531,B013,M0043,194,1
S00532,B017,M0139,53,1
S00533,B014,M0014,157,1
S00534,B019,M0084,35,1
S00535,B002,M0194,185,1
S00536,B017,M0046,66,1
S00537,B009,M0009,50,1
S00538,B008,M0116,77,1
S00539,B015,M0092,81,1
S00540,B001,M0050,130,1
S00541,B020,M0094,200,1
S00542,B006,M0006,26,1
S00543,B017,M0010,11,1
S00544,B006,M0011,15,1
S00545,B019,M0029,34,1
S00546,B005,M0190,194,1
S00547,B007,M0043,182,1
S00548,B008,M0192,120,1
S00549,B003,M0034,158,1
S00550,B004,M0119,134,1
S00551,B010,M0143,24,1
S00552,B011,M0068,69,1
S00553,B006,M0192,187,1
S00554,B014,M0162,16,1
S00555,B014,M0016,52,1
S00556,B016,M0092,188,1
S00557,B003,M0119,121,1
S00558,B018,M0067,173,1
S00559,B001,M0190,183,1
S00560,B015,M0146,175,1
S00561,B013,M0040,34,1
S00562,B010,M0186,50,1
S00563,B012,M0044,52,1
S00564,B007,M0175,13,1
S00565,B007,M0049,78,1
S00566,B015,M0037,200,1
S00567,B019,M0083,70,1
S00568,B013,M0151,43,1
S00569,B011,M0194,83,1
S00570,B016,M0131,69,1
S00571,B020,M0122,11,1
S00572,B005,M0006,94,1
S00573,B004,M0099,179,1
S00574,B016,M0115,106,1
S00575,B003,M0104,142,1
S00576,B006,M0016,175,1
S00577,B015,M0143,31,1
S00578,B014,M0020,202,1
S00579,B018,M0007,166,1
S00580,B005,M0070,163,1
S00581,B018,M0130,209,1
S00582,B001,M0190,94,1
S00583,B013,M0109,58,1
S00584,B002,M0131,204,1
S00585,B008,M0162,151,1
S00586,B005,M0175,26,1
S00587,B014,M0137,55,1
S00588,B020,M0110,65,1
S00589,B009,M0037,131,1
S00590,B005,M0073,123,1
S00591,B006,M0111,81,1
S00592,B003,M0106,198,1
S00593,B018,M0007,207,1
S00594,B010,M0142,200,1
S00595,B011,M0066,117,1
S00596,B003,M0113,201,1
S00597,B005,M0013,158,1
S00598,B016,M0030,81,1
S00599,B018,M0076,72,1
S00600,B003,M0023,81,1
S00601,B015,M0132,197,1
S00602,B004,M0152,65,1
S00603,B018,M0092,121,1
S00604,B011,M0074,148,1
S00605,B003,M0168,79,1
S00606,B019,M0045,132,1
S00607,B003,M0076,66,1
S00608,B004,M0119,156,1
S00609,B019,M0113,104,1
S00610,B007,M0187,197,1
S00611,B001,M0125,60,1
S00612,B007,M0055,174,1
S00613,B011,M0025,168,1
S00614,B009,M0045,151,1
S00615,B012,M0041,192,1
S00616,B006,M0192,17,1
S00617,B018,M0098,81,1
S00618,B014,M0152,61,1
S00619,B013,M0075,123,1
S00620,B015,M0079,150,1
S00621,B008,M0040,12,1
S00622,B010,M0097,89,1
S00623,B003,M0022,138,1
S00624,B014,M0147,33,1
S00625,B014,M0099,117,1
S00626,B003,M0147,134,1
S00627,B016,M0007,107,1
S00628,B001,M0061,179,1
S00629,B008,M0119,23,1
S00630,B003,M0165,106,1
S00631,B020,M0057,44,1
S00632,B015,M0138,10,1
S00633,B013,M0002,146,1
S00634,B002,M0041,179,1
S00635,B004,M0189,62,1
S00636,B019,M0067,127,1
S00637,B010,M0193,72,1
S00638,B010,M0167,197,1
S00639,B008,M0035,18,1
S00640,B015,M0100,35,1
S00641,B013,M0039,94,1
S00642,B012,M0104,38,1
S00643,B006,M0073,117,1
S00644,B010,M0176,15,1
S00645,B007,M0163,64,1
S00646,B013,M0015,54,1
S00647,B020,M0062,30,1
S00648,B013,M0173,157,1
S00649,B004,M0062,204,1
S00650,B003,M0051,102,1
S00651,B005,M0026,132,1
S00652,B014,M0035,23,1
S00653,B006,M0005,184,1
S00654,B010,M0088,28,1
S00655,B008,M0077,117,1
S00656,B016,M0103,99,1
S00657,B017,M0121,16,1
S00658,B003,M0099,16,1
S00659,B018,M0082,82,1
S00660,B011,M0166,24,1
S00661,B008,M0121,23,1
S00662,B002,M0157,142,1
S00663,B016,M0014,95,1
S00664,B009,M0037,34,1
S00665,B018,M0065,94,1
S00666,B012,M0128,105,1
S00667,B002,M0074,62,1
S00668,B008,M0172,101,1
S00669,B017,M0018,138,1
S00670,B010,M0173,200,1
S00671,B007,M0114,204,1
S00672,B003,M0147,72,1
S00673,B013,M0061,207,1
S00674,B001,M0119,184,1
S00675,B011,M0096,188,1
S00676,B001,M0060,184,1
S00677,B006,M0068,187,1
S00678,B004,M0113,143,1
S00679,B012,M0145,16,1
S00680,B001,M0151,78,1
S00681,B010,M0063,173,1
S00682,B002,M0018,144,1
S00683,B015,M0123,70,1
S00684,B017,M0061,168,1
S00685,B009,M0081,115,1
S00686,B005,M0177,15,1
S00687,B012,M0129,143,1
S00688,B009,M0180,137,1
S00689,B019,M0005,187,1
S00690,B004,M0172,18,1
S00691,B008,M0116,28,1
S00692,B011,M0128,77,1
S00693,B005,M0129,104,1
S00694,B012,M0011,26,1
S00695,B007,M0143,43,1
S00696,B001,M0122,27,1
S00697,B001,M0133,38,1
S00698,B007,M0050,62,1
S00699,B003,M0078,30,1
S00700,B003,M0106,168,1
S00701,B012,M0167,177,1
S00702,B014,M0004,147,1
S00703,B004,M0187,10,1
S00704,B004,M0120,110,1
S00705,B005,M0070,199,1
S00706,B002,M0027,81,1
S00707,B015,M0125,165,1
S00708,B009,M0096,182,1
S00709,B003,M0089,38,1
S00710,B010,M0109,69,1
S00711,B013,M0007,41,1
S00712,B009,M0003,136,1
S00713,B005,M0084,71,1
S00714,B020,M0097,183,1
S00715,B008,M0129,54,1
S00716,B015,M0001,197,1
S00717,B010,M0199,193,1
S00718,B009,M0104,55,1
S00719,B008,M0030,37,1
S00720,B013,M0020,70,1
S00721,B017,M0043,146,1
S00722,B019,M0023,25,1
S00723,B004,M0051,87,1
S00724,B018,M0128,156,1
S00725,B018,M0049,128,1
S00726,B015,M0121,186,1
S00727,B005,M0080,84,1
S00728,B004,M0111,28,1
S00729,B015,M0089,70,1
S00730,B007,M0034,38,1
S00731,B017,M0021,176,1
S00732,B004,M0032,189,1
S00733,B014,M0188,193,1
S00734,B002,M0095,72,1
S00735,B014,M0003,65,1
S00736,B019,M0199,201,1
S00737,B019,M0119,162,1
S00738,B019,M0058,165,1
S00739,B002,M0149,20,1
S00740,B001,M0031,117,1
S00741,B012,M0189,133,1
S00742,B012,M0153,109,1
S00743,B014,M0026,94,1
S00744,B001,M0035,110,1
S00745,B020,M0039,31,1
S00746,B017,M0014,167,1
S00747,B014,M0033,71,1
S00748,B009,M0021,89,1
S00749,B013,M0043,190,1
S00750,B013,M0146,200,1
S00751,B011,M0096,89,1
S00752,B004,M0181,54,1
S00753,B006,M0110,82,1
S00754,B016,M0075,104,1
S00755,B005,M0107,158,1
S00756,B011,M0130,90,1
S00757,B013,M0047,114,1
S00758,B015,M0021,161,1
S00759,B013,M0045,192,1
S00760,B008,M0166,94,1
S00761,B014,M0194,25,1
S00762,B012,M0070,13,1
S00763,B003,M0100,66,1
S00764,B018,M0099,200,1
S00765,B001,M0006,206,1
S00766,B015,M0010,139,1
S00767,B009,M0182,165,1
S00768,B002,M0012,109,1
S00769,B014,M0091,186,1
S00770,B019,M0198,94,1
S00771,B007,M0019,174,1
S00772,B018,M0070,169,1
S00773,B011,M0108,132,1
S00774,B001,M0096,18,1
S00775,B007,M0119,163,1
S00776,B013,M0077,108,1
S00777,B019,M0005,56,1
S00778,B001,M0051,12,1
S00779,B002,M0166,173,1
S00780,B015,M0170,122,1
S00781,B006,M0177,94,1
S00782,B006,M0034,141,1
S00783,B006,M0171,143,1
S00784,B019,M0145,70,1
S00785,B014,M0099,111,1
S00786,B019,M0179,131,1
S00787,B011,M0030,85,1
S00788,B015,M0009,19,1
S00789,B012,M0118,50,1
S00790,B008,M0019,28,1
S00791,B011,M0137,161,1
S00792,B003,M0132,87,1
S00793,B008,M0083,83,1
S00794,B018,M0048,111,1
S00795,B013,M0086,56,1
S00796,B014,M0007,125,1
S00797,B003,M0095,180,1
S00798,B005,M0002,129,1
S00799,B006,M0168,65,1
S00800,B019,M0139,159,1
S00801,B015,M0087,118,1
S00802,B020,M0076,122,1
S00803,B016,M0076,38,1
S00804,B008,M0001,206,1
S00805,B017,M0154,48,1
S00806,B010,M0063,42,1
S00807,B018,M0130,100,1
S00808,B006,M0059,199,1
S00809,B003,M0001,143,1
S00810,B004,M0014,99,1
S00811,B001,M0197,44,1
S00812,B008,M0030,98,1
S00813,B013,M0061,94,1
S00814,B014,M0116,155,1
S00815,B020,M0091,173,1
S00816,B009,M0038,17,1
S00817,B005,M0029,92,1
S00818,B004,M0098,190,1
S00819,B017,M0058,17,1
S00820,B014,M0122,59,1
S00821,B007,M0034,67,1
S00822,B019,M0101,31,1
S00823,B020,M0018,180,1
S00824,B020,M0166,107,1
S00825,B017,M0154,194,1
S00826,B005,M0117,121,1
S00827,B011,M0168,76,1
S00828,B004,M0175,152,1
S00829,B005,M0101,80,1
S00830,B002,M0105,38,1
S00831,B013,M0077,171,1
S00832,B009,M0152,91,1
S00833,B004,M0015,80,1
S00834,B008,M0167,155,1
S00835,B016,M0098,56,1
S00836,B007,M0059,104,1
S00837,B009,M0131,91,1
S00838,B006,M0032,103,1
S00839,B017,M0063,76,1
S00840,B002,M0115,58,1
S00841,B019,M0008,200,1
S00842,B006,M0121,166,1
S00843,B017,M0120,113,1
S00844,B017,M0133,175,1
S00845,B001,M0123,40,1
S00846,B012,M0164,134,1
S00847,B018,M0108,149,1
S00848,B010,M0110,148,1
S00849,B008,M0017,30,1
S00850,B003,M0029,117,1
S00851,B005,M0171,117,1
S00852,B011,M0136,29,1
S00853,B020,M0103,195,1
S00854,B011,M0065,93,1
S00855,B012,M0194,173,1
S00856,B019,M0158,85,1
S00857,B019,M0041,47,1
S00858,B001,M0177,174,1
S00859,B005,M0173,132,1
S00860,B007,M0055,109,1
S00861,B002,M0043,52,1
S00862,B004,M0069,118,1
S00863,B017,M0016,45,1
S00864,B012,M0079,132,1
S00865,B007,M0183,188,1
S00866,B005,M0101,135,1
S00867,B015,M0164,41,1
S00868,B006,M0096,122,1
S00869,B009,M0195,18,1
S00870,B006,M0049,165,1
S00871,B016,M0050,56,1
S00872,B015,M0039,106,1
S00873,B015,M0110,22,1
S00874,B006,M0128,147,1
S00875,B012,M0118,207,1
S00876,B002,M0074,139,1
S00877,B019,M0176,145,1
S00878,B009,M0079,201,1
S00879,B003,M0066,60,1
S00880,B002,M0191,42,1
S00881,B002,M0139,136,1
S00882,B016,M0152,29,1
S00883,B010,M0012,37,1
S00884,B007,M0192,15,1
S00885,B013,M0154,149,1
S00886,B005,M0090,203,1
S00887,B014,M0006,192,1
S00888,B008,M0186,113,1
S00889,B004,M0132,32,1
S00890,B018,M0072,73,1
S00891,B019,M0154,83,1
S00892,B016,M0100,80,1
S00893,B016,M0053,125,1
S00894,B015,M0058,132,1
S00895,B014,M0183,164,1
S00896,B020,M0060,70,1
S00897,B011,M0058,151,1
S00898,B013,M0104,97,1
S00899,B013,M0148,12,1
S00900,B014,M0173,34,1
S00901,B007,M0143,18,1
S00902,B001,M0158,169,1
S00903,B004,M0015,60,1
S00904,B020,M0037,154,1
S00905,B007,M0166,125,1
S00906,B006,M0049,109,1
S00907,B008,M0056,139,1
S00908,B006,M0154,75,1
S00909,B015,M0183,21,1
S00910,B008,M0176,25,1
S00911,B016,M0088,126,1
S00912,B009,M0116,135,1
S00913,B020,M0191,63,1
S00914,B019,M0094,184,1
S00915,B016,M0082,78,1
S00916,B017,M0093,115,1
S00917,B003,M0086,45,1
S00918,B008,M0141,44,1
S00919,B011,M0002,88,1
S00920,B004,M0101,107,1
S00921,B003,M0136,49,1
S00922,B011,M0077,80,1
S00923,B005,M0162,198,1
S00924,B011,M0058,189,1
S00925,B001,M0103,87,1
S00926,B010,M0138,53,1
S00927,B001,M0157,204,1
S00928,B001,M0107,133,1
S00929,B001,M0141,148,1
S00930,B001,M0133,197,1
S00931,B010,M0030,53,1
S00932,B018,M0198,155,1
S00933,B004,M0170,85,1
S00934,B011,M0065,167,1
S00935,B008,M0041,140,1
S00936,B001,M0151,150,1
S00937,B016,M0062,114,1
S00938,B004,M0054,112,1
S00939,B011,M0117,71,1
S00940,B018,M0144,203,1
S00941,B016,M0035,209,1
S00942,B002,M0083,122,1
S00943,B016,M0148,118,1
S00944,B004,M0057,40,1
S00945,B004,M0040,166,1
S00946,B011,M0093,36,1
S00947,B015,M0015,131,1
S00948,B015,M0076,191,1
S00949,B002,M0126,103,1
S00950,B009,M0020,205,1
S00951,B010,M0074,154,1
S00952,B017,M0114,16,1
S00953,B020,M0161,125,1
S00954,B014,M0197,207,1
S00955,B011,M0105,24,1
S00956,B019,M0172,135,1
S00957,B006,M0174,39,1
S00958,B017,M0107,76,1
S00959,B010,M0125,112,1
S00960,B016,M0129,126,1
S00961,B016,M0179,144,1
S00962,B001,M0104,119,1
S00963,B014,M0174,48,1
S00964,B011,M0198,40,1
S00965,B016,M0079,200,1
S00966,B009,M0032,67,1
S00967,B009,M0070,156,1
S00968,B006,M0187,19,1
S00969,B005,M0183,17,1
S00970,B002,M0092,136,1
S00971,B019,M0006,145,1
S00972,B006,M0161,71,1
S00973,B012,M0010,71,1
S00974,B006,M0117,39,1
S00975,B020,M0168,10,1
S00976,B017,M0033,208,1
S00977,B004,M0178,170,1
S00978,B006,M0175,132,1
S00979,B007,M0034,160,1
S00980,B007,M0096,101,1
S00981,B010,M0032,15,1
S00982,B003,M0093,18,1
S00983,B004,M0122,106,1
S00984,B009,M0143,108,1
S00985,B016,M0171,113,1
S00986,B005,M0076,160,1
S00987,B005,M0172,53,1
S00988,B005,M0086,60,1
S00989,B015,M0148,159,1
S00990,B013,M0136,110,1
S00991,B004,M0172,165,1
S00992,B007,M0200,133,1
S00993,B008,M0009,135,1
S00994,B001,M0060,52,1
S00995,B017,M0049,130,1
S00996,B001,M0145,62,1
S00997,B010,M0108,184,1
S00998,B018,M0126,112,1
S00999,B011,M0144,47,1
S01000,B011,M0140,68,1
S01001,B018,M0176,117,1
S01002,B018,M0119,33,1
S01003,B018,M0097,68,1
S01004,B005,M0185,99,1
S01005,B013,M0192,52,1
S01006,B004,M0064,45,1
S01007,B020,M0065,92,1
S01008,B018,M0138,180,1
S01009,B012,M0019,30,1
S01010,B018,M0105,124,1
S01011,B004,M0164,201,1
S01012,B005,M0006,27,1
S01013,B019,M0071,105,1
S01014,B018,M0172,143,1
S01015,B004,M0046,116,1
S01016,B007,M0031,202,1
S01017,B006,M0097,192,1
S01018,B001,M0014,96,1
S01019,B003,M0030,185,1
S01020,B013,M0030,134,1
S01021,B019,M0111,12,1
S01022,B009,M0110,63,1
S01023,B020,M0031,199,1
S01024,B020,M0045,157,1
S01025,B001,M0099,124,1
S01026,B001,M0030,151,1
S01027,B011,M0090,46,1
S01028,B003,M0101,122,1
S01029,B012,M0077,111,1
S01030,B019,M0063,155,1
S01031,B001,M0108,26,1
S01032,B017,M0125,173,1
S01033,B008,M0163,138,1
S01034,B001,M0043,192,1
S01035,B011,M0113,109,1
S01036,B008,M0155,115,1
S01037,B012,M0135,205,1
S01038,B017,M0098,192,1
S01039,B011,M0036,169,1
S01040,B002,M0167,55,1
S01041,B014,M0197,31,1
S01042,B001,M0039,88,1
S01043,B002,M0051,99,1
S01044,B006,M0146,195,1
S01045,B020,M0016,17,1
S01046,B015,M0155,71,1
S01047,B002,M0002,75,1
S01048,B007,M0109,46,1
S01049,B006,M0064,39,1
S01050,B014,M0159,84,1
S01051,B009,M0027,201,1
S01052,B002,M0149,58,1
S01053,B016,M0058,163,1
S01054,B017,M0032,171,1
S01055,B005,M0056,146,1
S01056,B014,M0165,42,1
S01057,B012,M0092,36,1
S01058,B001,M0067,147,1
S01059,B012,M0102,200,1
S01060,B018,M0115,30,1
S01061,B004,M0092,195,1
S01062,B011,M0024,39,1
S01063,B015,M0191,105,1
S01064,B014,M0100,35,1
S01065,B010,M0172,125,1
S01066,B016,M0011,168,1
S01067,B013,M0075,70,1
S01068,B003,M0059,99,1
S01069,B016,M0132,204,1
S01070,B020,M0095,179,1
S01071,B005,M0115,69,1
S01072,B013,M0140,69,1
S01073,B016,M0197,192,1
S01074,B005,M0180,28,1
S01075,B001,M0075,177,1
S01076,B010,M0167,186,1
S01077,B018,M0165,75,1
S01078,B013,M0200,31,1
S01079,B008,M0130,157,1
S01080,B009,M0191,165,1
S01081,B016,M0147,58,1
S01082,B016,M0010,15,1
S01083,B012,M0192,119,1
S01084,B005,M0153,77,1
S01085,B016,M0129,174,1
S01086,B002,M0034,197,1
S01087,B004,M0156,90,1
S01088,B001,M0034,185,1
S01089,B016,M0177,114,1
S01090,B012,M0148,78,1
S01091,B008,M0192,101,1
S01092,B014,M0161,127,1
S01093,B019,M0062,198,1
S01094,B010,M0180,65,1
S01095,B006,M0067,192,1
S01096,B020,M0140,178,1
S01097,B020,M0161,130,1
S01098,B001,M0132,36,1
S01099,B002,M0002,149,1
S01100,B017,M0182,111,1
S01101,B015,M0076,150,1
S01102,B010,M0194,203,1
S01103,B003,M0131,83,1
S01104,B007,M0069,107,1
S01105,B005,M0198,166,1
S01106,B007,M0173,109,1
S01107,B017,M0159,95,1
S01108,B009,M0185,44,1
S01109,B017,M0068,91,1
S01110,B009,M0030,98,1
S01111,B012,M0017,172,1
S01112,B002,M0056,66,1
S01113,B017,M0064,132,1
S01114,B015,M0068,21,1
S01115,B002,M0120,170,1
S01116,B014,M0030,33,1
S01117,B003,M0184,170,1
S01118,B007,M0136,122,1
S01119,B004,M0007,50,1
S01120,B006,M0089,157,1
S01121,B001,M0198,194,1
S01122,B020,M0160,139,1
S01123,B007,M0141,48,1
S01124,B014,M0107,185,1
S01125,B001,M0144,94,1
S01126,B005,M0119,61,1
S01127,B018,M0157,170,1
S01128,B010,M0008,45,1
S01129,B018,M0084,12,1
S01130,B009,M0034,114,1
S01131,B001,M0075,150,1
S01132,B003,M0128,130,1
S01133,B003,M0034,168,1
S01134,B018,M0198,52,1
S01135,B013,M0064,121,1
S01136,B012,M0198,76,1
S01137,B009,M0109,172,1
S01138,B011,M0134,77,1
S01139,B018,M0099,113,1
S01140,B014,M0053,109,1
S01141,B020,M0031,77,1
S01142,B010,M0177,134,1
S01143,B006,M0125,93,1
S01144,B004,M0012,65,1
S01145,B012,M0016,129,1
S01146,B015,M0177,10,1
S01147,B016,M0016,11,1
S01148,B008,M0024,11,1
S01149,B003,M0060,140,1
S01150,B001,M0175,181,1
S01151,B006,M0165,175,1
S01152,B003,M0175,194,1
S01153,B007,M0190,122,1
S01154,B019,M0050,199,1
S01155,B017,M0184,165,1
S01156,B007,M0028,64,1
S01157,B005,M0181,157,1
S01158,B003,M0022,47,1
S01159,B002,M0121,12,1
S01160,B016,M0174,56,1
S01161,B013,M0033,112,1
S01162,B007,M0145,198,1
S01163,B018,M0097,51,1
S01164,B009,M0068,82,1
S01165,B005,M0042,68,1
S01166,B008,M0066,177,1
S01167,B010,M0006,41,1
S01168,B001,M0123,93,1
S01169,B017,M0038,143,1
S01170,B005,M0091,26,1
S01171,B004,M0123,76,1
S01172,B010,M0119,161,1
S01173,B013,M0180,109,1
S01174,B016,M0126,52,1
S01175,B011,M0032,155,1
S01176,B017,M0110,167,1
S01177,B005,M0122,182,1
S01178,B004,M0069,82,1
S01179,B010,M0115,88,1
S01180,B020,M0153,63,1
S01181,B003,M0175,134,1
S01182,B019,M0073,179,1
S01183,B010,M0154,197,1
S01184,B018,M0102,77,1
S01185,B015,M0110,139,1
S01186,B015,M0157,68,1
S01187,B014,M0045,72,1
S01188,B009,M0153,135,1
S01189,B008,M0161,25,1
S01190,B005,M0180,138,1
S01191,B010,M0027,114,1
S01192,B018,M0137,199,1
S01193,B004,M0062,57,1
S01194,B009,M0029,114,1
S01195,B012,M0128,58,1
S01196,B002,M0038,17,1
S01197,B001,M0040,120,1
S01198,B009,M0063,79,1
S01199,B019,M0032,103,1
S01200,B009,M0160,209,1
S01201,B016,M0076,195,1
S01202,B009,M0120,191,1
S01203,B020,M0116,139,1
S01204,B001,M0002,195,1
S01205,B002,M0062,207,1
S01206,B008,M0032,27,1
S01207,B010,M0120,116,1
S01208,B008,M0124,128,1
S01209,B009,M0064,127,1
S01210,B006,M0147,81,1
S01211,B005,M0166,12,1
S01212,B018,M0080,120,1
S01213,B002,M0103,174,1
S01214,B006,M0029,72,1
S01215,B011,M0073,80,1
S01216,B017,M0156,129,1
S01217,B012,M0138,116,1
S01218,B010,M0006,159,1
S01219,B018,M0097,110,1
S01220,B020,M0062,204,1
S01221,B018,M0016,61,1
S01222,B018,M0037,59,1
S01223,B020,M0103,56,1
S01224,B005,M0093,103,1
S01225,B015,M0077,196,1
S01226,B006,M0033,51,1
S01227,B013,M0005,198,1
S01228,B015,M0059,36,1
S01229,B011,M0016,94,1
S01230,B001,M0083,97,1
S01231,B011,M0172,193,1
S01232,B007,M0049,85,1
S01233,B014,M0116,19,1
S01234,B003,M0152,136,1
S01235,B004,M0138,106,1
S01236,B006,M0154,193,1
S01237,B008,M0025,63,1
S01238,B001,M0075,181,1
S01239,B020,M0007,170,1
S01240,B013,M0089,198,1
S01241,B019,M0175,207,1
S01242,B012,M0176,84,1
S01243,B007,M0092,67,1
S01244,B009,M0111,196,1
S01245,B017,M0063,151,1
S01246,B001,M0060,127,1
S01247,B017,M0064,52,1
S01248,B018,M0051,123,1
S01249,B014,M0173,110,1
S01250,B009,M0049,101,1
S01251,B002,M0023,50,1
S01252,B007,M0165,170,1
S01253,B007,M0038,196,1
S01254,B002,M0197,141,1
S01255,B017,M0184,202,1
S01256,B007,M0198,172,1
S01257,B007,M0010,52,1
S01258,B005,M0194,198,1
S01259,B016,M0043,132,1
S01260,B007,M0031,23,1
S01261,B006,M0031,52,1
S01262,B014,M0137,133,1
S01263,B007,M0084,170,1
S01264,B005,M0154,52,1
S01265,B011,M0122,196,1
S01266,B010,M0008,170,1
S01267,B017,M0040,30,1
S01268,B018,M0140,78,1
S01269,B014,M0178,18,1
S01270,B004,M0068,207,1
S01271,B005,M0082,162,1
S01272,B016,M0001,119,1
S01273,B015,M0010,90,1
S01274,B004,M0112,141,1
S01275,B018,M0017,138,1
S01276,B018,M0010,110,1
S01277,B016,M0003,68,1
S01278,B004,M0140,133,1
S01279,B017,M0049,172,1
S01280,B016,M0113,86,1
S01281,B018,M0004,208,1
S01282,B017,M0009,41,1
S01283,B020,M0052,152,1
S01284,B006,M0165,172,1
S01285,B019,M0040,140,1
S01286,B002,M0009,77,1
S01287,B020,M0196,11,1
S01288,B014,M0040,97,1
S01289,B014,M0178,166,1
S01290,B012,M0004,158,1
S01291,B013,M0070,182,1
S01292,B004,M0133,207,1
S01293,B019,M0023,53,1
S01294,B006,M0117,125,1
S01295,B018,M0182,29,1
S01296,B002,M0055,26,1
S01297,B004,M0089,17,1
S01298,B016,M0060,111,1
S01299,B015,M0146,10,1
S01300,B008,M0196,173,1
S01301,B014,M0091,154,1
S01302,B020,M0086,28,1
S01303,B012,M0133,168,1
S01304,B005,M0024,55,1
S01305,B002,M0150,157,1
S01306,B016,M0135,138,1
S01307,B008,M0162,115,1
S01308,B008,M0046,209,1
S01309,B010,M0023,203,1
S01310,B012,M0160,54,1
S01311,B007,M0138,181,1
S01312,B015,M0088,23,1
S01313,B007,M0179,108,1
S01314,B008,M0196,71,1
S01315,B005,M0051,69,1
S01316,B007,M0176,208,1
S01317,B009,M0032,208,1
S01318,B009,M0196,55,1
S01319,B002,M0101,48,1
S01320,B001,M0095,18,1
S01321,B006,M0009,149,1
S01322,B013,M0083,119,1
S01323,B016,M0139,130,1
S01324,B015,M0042,134,1
S01325,B006,M0174,28,1
S01326,B017,M0172,85,1
S01327,B005,M0028,47,1
S01328,B007,M0140,12,1
S01329,B012,M0006,150,1
S01330,B003,M0176,125,1
S01331,B003,M0117,98,1
S01332,B009,M0077,91,1
S01333,B018,M0042,132,1
S01334,B013,M0189,81,1
S01335,B009,M0172,39,1
S01336,B013,M0074,89,1
S01337,B010,M0023,140,1
S01338,B014,M0025,54,1
S01339,B014,M0058,29,1
S01340,B020,M0038,27,1
S01341,B013,M0031,182,1
S01342,B016,M0036,29,1
S01343,B018,M0189,43,1
S01344,B016,M0126,88,1
S01345,B005,M0133,14,1
S01346,B018,M0124,75,1
S01347,B006,M0080,36,1
S01348,B020,M0106,176,1
S01349,B002,M0004,52,1
S01350,B008,M0074,14,1
S01351,B006,M0121,157,1
S01352,B020,M0143,123,1
S01353,B019,M0147,126,1
S01354,B017,M0066,13,1
S01355,B017,M0134,108,1
S01356,B003,M0177,192,1
S01357,B003,M0159,111,1
S01358,B006,M0001,18,1
S01359,B007,M0108,43,1
S01360,B010,M0165,157,1
S01361,B003,M0069,152,1
S01362,B001,M0096,14,1
S01363,B003,M0132,67,1
S01364,B017,M0156,173,1
S01365,B003,M0066,100,1
S01366,B020,M0085,98,1
S01367,B005,M0171,85,1
S01368,B014,M0139,201,1
S01369,B005,M0121,42,1
S01370,B004,M0129,30,1
S01371,B005,M0190,49,1
S01372,B018,M0151,110,1
S01373,B019,M0032,99,1
S01374,B013,M0028,159,1
S01375,B018,M0159,202,1
S01376,B013,M0166,16,1
S01377,B009,M0079,51,1
S01378,B013,M0022,146,1
S01379,B013,M0128,65,1
S01380,B005,M0064,121,1
S01381,B018,M0151,180,1
S01382,B002,M0031,23,1
S01383,B002,M0146,166,1
S01384,B003,M0132,113,1
S01385,B019,M0187,149,1
S01386,B005,M0151,20,1
S01387,B020,M0033,166,1
S01388,B006,M0143,171,1
S01389,B017,M0070,121,1
S01390,B013,M0080,192,1
S01391,B009,M0032,167,1
S01392,B017,M0142,41,1
S01393,B010,M0121,163,1
S01394,B004,M0071,32,1
S01395,B004,M0059,175,1
S01396,B019,M0028,109,1
S01397,B009,M0127,87,1
S01398,B016,M0179,154,1
S01399,B004,M0166,20,1
S01400,B006,M0135,148,1
S01401,B015,M0159,156,1
S01402,B015,M0196,132,1
S01403,B019,M0145,69,1
S01404,B018,M0029,207,1
S01405,B001,M0124,141,1
S01406,B010,M0157,48,1
S01407,B004,M0092,149,1
S01408,B008,M0115,112,1
S01409,B017,M0109,62,1
S01410,B016,M0029,142,1
S01411,B015,M0174,176,1
S01412,B019,M0118,119,1
S01413,B017,M0069,27,1
S01414,B007,M0112,14,1
S01415,B002,M0125,23,1
S01416,B006,M0034,104,1
S01417,B012,M0190,141,1
S01418,B003,M0044,160,1
S01419,B013,M0099,14,1
S01420,B013,M0055,26,1
S01421,B002,M0015,69,1
S01422,B014,M0038,19,1
S01423,B010,M0181,197,1
S01424,B003,M0043,21,1
S01425,B020,M0167,74,1
S01426,B009,M0146,142,1
S01427,B003,M0135,52,1
S01428,B017,M0122,16,1
S01429,B004,M0005,207,1
S01430,B014,M0058,126,1
S01431,B001,M0104,145,1
S01432,B012,M0002,149,1
S01433,B014,M0077,109,1
S01434,B011,M0086,181,1
S01435,B010,M0143,12,1
S01436,B007,M0083,19,1
S01437,B018,M0049,136,1
S01438,B015,M0090,35,1
S01439,B020,M0152,161,1
S01440,B008,M0155,103,1
S01441,B007,M0194,196,1
S01442,B007,M0087,197,1
S01443,B009,M0159,126,1
S01444,B002,M0119,30,1
S01445,B015,M0098,159,1
S01446,B020,M0080,166,1
S01447,B015,M0055,107,1
S01448,B010,M0149,195,1
S01449,B018,M0168,114,1
S01450,B016,M0077,190,1
S01451,B008,M0093,87,1
S01452,B019,M0126,41,1
S01453,B012,M0182,129,1
S01454,B015,M0013,166,1
S01455,B003,M0151,26,1
S01456,B015,M0049,60,1
S01457,B001,M0154,58,1
S01458,B004,M0165,53,1
S01459,B010,M0036,78,1
S01460,B020,M0145,42,1
S01461,B015,M0160,130,1
S01462,B005,M0062,90,1
S01463,B001,M0087,31,1
S01464,B004,M0080,201,1
S01465,B012,M0169,10,1
S01466,B012,M0179,46,1
S01467,B009,M0077,66,1
S01468,B014,M0109,140,1
S01469,B004,M0106,95,1
S01470,B009,M0072,157,1
S01471,B009,M0103,18,1
S01472,B017,M0169,182,1
S01473,B007,M0163,73,1
S01474,B017,M0158,177,1
S01475,B009,M0030,78,1
S01476,B014,M0103,202,1
S01477,B011,M0122,115,1
S01478,B012,M0156,133,1
S01479,B016,M0130,23,1
S01480,B006,M0073,118,1
S01481,B007,M0004,65,1
S01482,B008,M0088,169,1
S01483,B009,M0077,21,1
S01484,B014,M0119,91,1
S01485,B016,M0088,48,1
S01486,B009,M0131,126,1
S01487,B004,M0114,10,1
S01488,B004,M0050,163,1
S01489,B013,M0176,174,1
S01490,B001,M0108,111,1
S01491,B003,M0060,15,1
S01492,B019,M0102,119,1
S01493,B003,M0148,146,1
S01494,B002,M0099,65,1
S01495,B007,M0158,20,1
S01496,B014,M0085,91,1
S01497,B012,M0069,78,1
S01498,B014,M0054,162,1
S01499,B007,M0182,179,1
S01500,B010,M0081,151,1
S01501,B001,M0147,208,1
S01502,B015,M0122,82,1
S01503,B008,M0013,116,1
S01504,B015,M0017,131,1
S01505,B015,M0108,176,1
S01506,B012,M0159,40,1
S01507,B017,M0079,116,1
S01508,B010,M0140,79,1
S01509,B018,M0082,11,1
S01510,B016,M0190,60,1
S01511,B002,M0059,175,1
S01512,B017,M0098,166,1
S01513,B013,M0199,46,1
S01514,B014,M0039,109,1
S01515,B008,M0007,205,1
S01516,B015,M0103,142,1
S01517,B009,M0152,190,1
S01518,B006,M0044,94,1
S01519,B016,M0017,41,1
S01520,B011,M0043,45,1
S01521,B009,M0051,147,1
S01522,B008,M0098,153,1
S01523,B012,M0014,21,1
S01524,B004,M0149,202,1
S01525,B016,M0174,84,1
S01526,B019,M0150,72,1
S01527,B008,M0104,186,1
S01528,B011,M0094,95,1
S01529,B003,M0109,118,1
S01530,B005,M0085,93,1
S01531,B002,M0023,204,1
S01532,B016,M0096,175,1
S01533,B018,M0096,62,1
S01534,B006,M0171,21,1
S01535,B004,M0022,107,1
S01536,B014,M0022,25,1
S01537,B005,M0136,45,1
S01538,B010,M0166,38,1
S01539,B007,M0023,204,1
S01540,B007,M0055,113,1
S01541,B004,M0076,11,1
S01542,B007,M0148,162,1
S01543,B001,M0085,46,1
S01544,B013,M0013,38,1
S01545,B011,M0140,164,1
S01546,B016,M0176,166,1
S01547,B017,M0133,170,1
S01548,B013,M0114,60,1
S01549,B013,M0033,87,1
S01550,B017,M0186,123,1
S01551,B011,M0058,90,1
S01552,B013,M0200,103,1
S01553,B012,M0119,204,1
S01554,B009,M0092,72,1
S01555,B019,M0019,35,1
S01556,B008,M0113,121,1
S01557,B006,M0145,93,1
S01558,B019,M0090,91,1
S01559,B011,M0178,134,1
S01560,B001,M0045,58,1
S01561,B007,M0143,165,1
S01562,B004,M0050,67,1
S01563,B008,M0187,48,1
S01564,B016,M0160,130,1
S01565,B007,M0174,53,1
S01566,B001,M0138,19,1
S01567,B018,M0134,34,1
S01568,B007,M0094,173,1
S01569,B012,M0196,86,1
S01570,B008,M0007,29,1
S01571,B017,M0057,43,1
S01572,B013,M0166,115,1
S01573,B016,M0142,15,1
S01574,B018,M0169,25,1
S01575,B016,M0030,202,1
S01576,B009,M0108,66,1
S01577,B013,M0001,207,1
S01578,B013,M0157,176,1
S01579,B009,M0070,120,1
S01580,B002,M0074,18,1
S01581,B014,M0105,134,1
S01582,B015,M0163,177,1
S01583,B014,M0040,27,1
S01584,B003,M0046,180,1
S01585,B014,M0009,102,1
S01586,B016,M0158,199,1
S01587,B010,M0025,206,1
S01588,B006,M0142,79,1
S01589,B017,M0161,71,1
S01590,B003,M0131,141,1
S01591,B009,M0096,92,1
S01592,B010,M0007,23,1
S01593,B006,M0125,104,1
S01594,B001,M0186,144,1
S01595,B019,M0070,204,1
S01596,B014,M0037,115,1
S01597,B011,M0047,49,1
S01598,B016,M0064,24,1
S01599,B009,M0016,86,1
S01600,B004,M0044,138,1
S01601,B017,M0195,116,1
S01602,B019,M0077,178,1
S01603,B009,M0026,12,1
S01604,B019,M0085,155,1
S01605,B008,M0067,115,1
S01606,B008,M0122,85,1
S01607,B019,M0169,69,1
S01608,B014,M0084,79,1
S01609,B020,M0119,52,1
S01610,B020,M0042,39,1
S01611,B018,M0099,92,1
S01612,B011,M0086,140,1
S01613,B013,M0196,73,1
S01614,B011,M0098,76,1
S01615,B009,M0198,206,1
S01616,B015,M0127,120,1
S01617,B020,M0125,53,1
S01618,B012,M0012,130,1
S01619,B015,M0011,32,1
S01620,B019,M0089,199,1
S01621,B004,M0154,152,1
S01622,B018,M0022,107,1
S01623,B017,M0167,119,1
S01624,B001,M0144,138,1
S01625,B003,M0116,138,1
S01626,B002,M0040,112,1
S01627,B014,M0117,58,1
S01628,B005,M0058,86,1
S01629,B012,M0017,190,1
S01630,B016,M0059,79,1
S01631,B002,M0018,99,1
S01632,B003,M0004,181,1
S01633,B006,M0043,101,1
S01634,B013,M0045,170,1
S01635,B001,M0149,12,1
S01636,B006,M0023,147,1
S01637,B010,M0127,171,1
S01638,B017,M0154,76,1
S01639,B007,M0097,84,1
S01640,B018,M0089,56,1
S01641,B003,M0005,87,1
S01642,B011,M0189,88,1
S01643,B005,M0162,73,1
S01644,B019,M0152,54,1
S01645,B010,M0052,11,1
S01646,B002,M0196,71,1
S01647,B011,M0074,32,1
S01648,B019,M0169,24,1
S01649,B017,M0119,140,1
S01650,B007,M0098,197,1
S01651,B005,M0094,111,1
S01652,B015,M0118,167,1
S01653,B012,M0160,99,1
S01654,B005,M0102,137,1
S01655,B016,M0121,53,1
S01656,B014,M0005,160,1
S01657,B015,M0143,80,1
S01658,B001,M0018,120,1
S01659,B001,M0131,80,1
S01660,B013,M0172,206,1
S01661,B004,M0095,112,1
S01662,B016,M0198,205,1
S01663,B020,M0006,181,1
S01664,B019,M0002,161,1
S01665,B013,M0181,117,1
S01666,B015,M0003,152,1
S01667,B012,M0062,149,1
S01668,B001,M0025,161,1
S01669,B011,M0071,99,1
S01670,B014,M0045,32,1
S01671,B016,M0196,51,1
S01672,B015,M0032,162,1
S01673,B010,M0117,163,1
S01674,B004,M0152,205,1
S01675,B018,M0135,27,1
S01676,B007,M0036,36,1
S01677,B012,M0086,16,1
S01678,B007,M0131,70,1
S01679,B020,M0142,188,1
S01680,B006,M0126,47,1
S01681,B001,M0002,39,1
S01682,B019,M0195,20,1
S01683,B011,M0141,151,1
S01684,B009,M0120,137,1
S01685,B017,M0199,195,1
S01686,B006,M0039,26,1
S01687,B017,M0195,192,1
S01688,B013,M0112,197,1
S01689,B013,M0187,158,1
S01690,B012,M0122,35,1
S01691,B011,M0013,121,1
S01692,B004,M0190,192,1
S01693,B008,M0069,179,1
S01694,B001,M0125,38,1
S01695,B016,M0025,39,1
S01696,B016,M0002,186,1
S01697,B010,M0104,143,1
S01698,B001,M0107,47,1
S01699,B005,M0074,117,1
S01700,B002,M0111,79,1
S01701,B007,M0101,128,1
S01702,B002,M0063,93,1
S01703,B013,M0100,77,1
S01704,B020,M0011,200,1
S01705,B001,M0028,93,1
S01706,B008,M0056,132,1
S01707,B010,M0117,86,1
S01708,B015,M0056,154,1
S01709,B013,M0095,172,1
S01710,B018,M0013,151,1
S01711,B002,M0095,191,1
S01712,B020,M0124,186,1
S01713,B012,M0171,123,1
S01714,B006,M0092,180,1
S01715,B015,M0021,106,1
S01716,B014,M0091,74,1
S01717,B010,M0036,110,1
S01718,B016,M0158,99,1
S01719,B013,M0152,117,1
S01720,B006,M0126,28,1
S01721,B009,M0123,175,1
S01722,B012,M0101,29,1
S01723,B018,M0014,146,1
S01724,B012,M0141,193,1
S01725,B008,M0055,115,1
S01726,B002,M0077,69,1
S01727,B002,M0008,118,1
S01728,B018,M0128,77,1
S01729,B007,M0198,56,1
S01730,B014,M0104,205,1
S01731,B014,M0093,15,1
S01732,B014,M0075,98,1
S01733,B005,M0135,180,1
S01734,B013,M0012,152,1
S01735,B019,M0143,96,1
S01736,B020,M0087,143,1
S01737,B017,M0005,144,1
S01738,B008,M0065,176,1
S01739,B015,M0080,111,1
S01740,B018,M0149,116,1
S01741,B019,M0194,187,1
S01742,B016,M0046,156,1
S01743,B006,M0129,78,1
S01744,B006,M0045,172,1
S01745,B003,M0069,124,1
S01746,B014,M0009,64,1
S01747,B016,M0129,78,1
S01748,B002,M0060,46,1
S01749,B017,M0089,31,1
S01750,B012,M0149,152,1
S01751,B012,M0062,167,1
S01752,B006,M0052,25,1
S01753,B011,M0133,111,1
S01754,B005,M0134,10,1
S01755,B013,M0050,102,1
S01756,B014,M0037,99,1
S01757,B019,M0130,84,1
S01758,B011,M0081,143,1
S01759,B013,M0013,198,1
S01760,B002,M0064,85,1
S01761,B006,M0188,67,1
S01762,B008,M0112,206,1
S01763,B002,M0049,120,1
S01764,B008,M0020,62,1
S01765,B019,M0143,156,1
S01766,B016,M0001,45,1
S01767,B009,M0087,110,1
S01768,B002,M0097,138,1
S01769,B013,M0037,185,1
S01770,B002,M0119,197,1
S01771,B018,M0077,153,1
S01772,B013,M0153,102,1
S01773,B019,M0131,170,1
S01774,B020,M0080,138,1
S01775,B010,M0040,139,1
S01776,B014,M0111,105,1
S01777,B017,M0085,173,1
S01778,B016,M0174,59,1
S01779,B017,M0181,158,1
S01780,B016,M0199,33,1
S01781,B020,M0132,97,1
S01782,B001,M0170,196,1
S01783,B005,M0072,188,1
S01784,B015,M0028,160,1
S01785,B012,M0027,43,1
S01786,B003,M0019,158,1
S01787,B020,M0006,193,1
S01788,B009,M0025,91,1
S01789,B006,M0008,162,1
S01790,B013,M0053,192,1
S01791,B017,M0133,203,1
S01792,B014,M0046,119,1
S01793,B002,M0085,53,1
S01794,B002,M0173,156,1
S01795,B016,M0148,187,1
S01796,B018,M0180,55,1
S01797,B015,M0067,60,1
S01798,B018,M0073,192,1
S01799,B020,M0097,164,1
S01800,B015,M0171,93,1
S01801,B017,M0112,147,1
S01802,B011,M0021,55,1
S01803,B012,M0143,184,1
S01804,B016,M0064,107,1
S01805,B008,M0134,171,1
S01806,B014,M0129,92,1
S01807,B002,M0056,154,1
S01808,B002,M0196,70,1
S01809,B014,M0023,66,1
S01810,B020,M0198,19,1
S01811,B004,M0150,127,1
S01812,B013,M0055,63,1
S01813,B004,M0144,202,1
S01814,B008,M0089,180,1
S01815,B016,M0177,86,1
S01816,B019,M0060,38,1
S01817,B019,M0041,31,1
S01818,B002,M0006,173,1
S01819,B015,M0189,135,1
S01820,B002,M0061,181,1
S01821,B006,M0151,169,1
S01822,B007,M0014,203,1
S01823,B019,M0060,209,1
S01824,B008,M0014,70,1
S01825,B011,M0103,49,1
S01826,B015,M0164,149,1
S01827,B006,M0082,68,1
S01828,B013,M0167,201,1
S01829,B002,M0126,208,1
S01830,B012,M0089,132,1
S01831,B019,M0193,205,1
S01832,B008,M0115,37,1
S01833,B002,M0050,59,1
S01834,B006,M0008,35,1
S01835,B019,M0130,40,1
S01836,B010,M0141,25,1
S01837,B012,M0167,171,1
S01838,B015,M0044,127,1
S01839,B017,M0157,81,1
S01840,B005,M0146,118,1
S01841,B007,M0087,88,1
S01842,B002,M0071,83,1
S01843,B008,M0095,75,1
S01844,B013,M0185,164,1
S01845,B009,M0185,125,1
S01846,B016,M0052,196,1
S01847,B006,M0191,58,1
S01848,B013,M0022,143,1
S01849,B020,M0093,22,1
S01850,B018,M0172,132,1
S01851,B014,M0068,53,1
S01852,B017,M0134,69,1
S01853,B020,M0170,37,1
S01854,B002,M0134,197,1
S01855,B019,M0013,35,1
S01856,B019,M0068,22,1
S01857,B014,M0131,148,1
S01858,B001,M0184,163,1
S01859,B015,M0046,199,1
S01860,B016,M0002,120,1
S01861,B015,M0141,189,1
S01862,B017,M0052,54,1
S01863,B007,M0187,151,1
S01864,B010,M0099,53,1
S01865,B011,M0190,173,1
S01866,B001,M0140,179,1
S01867,B013,M0067,86,1
S01868,B004,M0085,34,1
S01869,B001,M0178,94,1
S01870,B003,M0070,175,1
S01871,B008,M0155,114,1
S01872,B003,M0075,30,1
S01873,B015,M0144,163,1
S01874,B014,M0131,160,1
S01875,B005,M0069,64,1
S01876,B003,M0176,164,1
S01877,B018,M0196,142,1
S01878,B013,M0105,111,1
S01879,B003,M0052,36,1
S01880,B001,M0016,94,1
S01881,B008,M0192,157,1
S01882,B019,M0153,77,1
S01883,B009,M0166,174,1
S01884,B013,M0079,159,1
S01885,B011,M0005,34,1
S01886,B009,M0124,153,1
S01887,B012,M0014,14,1
S01888,B019,M0180,76,1
S01889,B018,M0008,58,1
S01890,B018,M0047,156,1
S01891,B003,M0084,144,1
S01892,B001,M0121,24,1
S01893,B004,M0154,165,1
S01894,B018,M0038,34,1
S01895,B019,M0163,68,1
S01896,B015,M0001,89,1
S01897,B004,M0176,92,1
S01898,B011,M0197,149,1
S01899,B012,M0005,165,1
S01900,B002,M0107,75,1
S01901,B008,M0100,24,1
S01902,B004,M0153,191,1
S01903,B015,M0174,82,1
S01904,B016,M0029,65,1
S01905,B010,M0007,134,1
S01906,B004,M0166,28,1
S01907,B011,M0043,201,1
S01908,B020,M0081,130,1
S01909,B009,M0099,168,1
S01910,B004,M0139,58,1
S01911,B010,M0157,144,1
S01912,B011,M0004,63,1
S01913,B005,M0137,159,1
S01914,B001,M0065,46,1
S01915,B008,M0040,174,1
S01916,B011,M0157,39,1
S01917,B005,M0148,45,1
S01918,B004,M0137,148,1
S01919,B006,M0178,206,1
S01920,B012,M0155,123,1
S01921,B007,M0168,62,1
S01922,B007,M0099,27,1
S01923,B014,M0033,92,1
S01924,B001,M0079,140,1
S01925,B007,M0011,165,1
S01926,B010,M0131,43,1
S01927,B008,M0076,137,1
S01928,B009,M0095,198,1
S01929,B005,M0102,60,1
S01930,B020,M0030,92,1
S01931,B002,M0149,97,1
S01932,B007,M0172,185,1
S01933,B001,M0144,189,1
S01934,B013,M0051,156,1
S01935,B008,M0193,157,1
S01936,B004,M0003,91,1
S01937,B012,M0127,94,1
S01938,B016,M0158,197,1
S01939,B010,M0157,19,1
S01940,B008,M0055,116,1
S01941,B016,M0092,193,1
S01942,B012,M0143,24,1
S01943,B011,M0103,161,1
S01944,B012,M0128,167,1
S01945,B013,M0010,169,1
S01946,B011,M0183,178,1
S01947,B007,M0021,129,1
S01948,B019,M0004,16,1
S01949,B020,M0155,24,1
S01950,B016,M0178,26,1
S01951,B015,M0068,31,1
S01952,B019,M0003,192,1
S01953,B006,M0184,108,1
S01954,B012,M0193,100,1
S01955,B020,M0040,71,1
S01956,B015,M0104,66,1
S01957,B001,M0098,66,1
S01958,B001,M0199,134,1
S01959,B017,M0060,186,1
S01960,B003,M0035,96,1
S01961,B011,M0090,194,1
S01962,B011,M0045,36,1
S01963,B001,M0166,15,1
S01964,B012,M0179,166,1
S01965,B011,M0113,202,1
S01966,B015,M0168,42,1
S01967,B018,M0074,22,1
S01968,B007,M0192,161,1
S01969,B006,M0085,198,1
S01970,B005,M0117,69,1
S01971,B014,M0008,113,1
S01972,B002,M0183,21,1
S01973,B008,M0082,164,1
S01974,B017,M0055,55,1
S01975,B008,M0060,180,1
S01976,B006,M0070,57,1
S01977,B004,M0096,206,1
S01978,B015,M0144,141,1
S01979,B006,M0017,204,1
S01980,B008,M0143,168,1
S01981,B010,M0190,32,1
S01982,B013,M0068,151,1
S01983,B020,M0194,205,1
S01984,B010,M0121,86,1
S01985,B006,M0123,121,1
S01986,B009,M0085,91,1
S01987,B001,M0189,83,1
S01988,B013,M0169,188,1
S01989,B014,M0085,174,1
S01990,B004,M0023,198,1
S01991,B015,M0149,178,1
S01992,B017,M0136,153,1
S01993,B009,M0009,18,1
S01994,B009,M0108,105,1
S01995,B011,M0028,18,1
S01996,B009,M0181,127,1
S01997,B008,M0037,105,1
S01998,B016,M0098,44,1
S01999,B019,M0027,51,1
S02000,B018,M0106,22,1
S02001,B019,M0069,59,1
S02002,B009,M0193,82,1
S02003,B015,M0199,39,1
S02004,B011,M0172,72,1
S02005,B001,M0065,85,1
S02006,B012,M0009,168,1
S02007,B014,M0017,53,1
S02008,B011,M0148,41,1
S02009,B020,M0111,83,1
S02010,B011,M0032,60,1
S02011,B005,M0057,106,1
S02012,B015,M0131,145,1
S02013,B019,M0154,146,1
S02014,B005,M0155,126,1
S02015,B015,M0174,195,1
S02016,B003,M0113,89,1
S02017,B003,M0062,113,1
S02018,B010,M0002,37,1
S02019,B017,M0045,166,1
S02020,B016,M0166,63,1
S02021,B017,M0119,191,1
S02022,B014,M0126,185,1
S02023,B010,M0053,87,1
S02024,B008,M0169,119,1
S02025,B007,M0198,151,1
S02026,B015,M0096,40,1
S02027,B010,M0036,198,1
S02028,B001,M0173,32,1
S02029,B018,M0128,143,1
S02030,B020,M0159,95,1
S02031,B019,M0034,54,1
S02032,B012,M0196,95,1
S02033,B015,M0154,88,1
S02034,B010,M0124,199,1
S02035,B017,M0127,201,1
S02036,B015,M0139,18,1
S02037,B006,M0149,168,1
S02038,B017,M0160,122,1
S02039,B016,M0154,104,1
S02040,B018,M0085,44,1
S02041,B019,M0002,155,1
S02042,B004,M0171,201,1
S02043,B004,M0128,31,1
S02044,B008,M0115,49,1
S02045,B017,M0162,120,1
S02046,B014,M0009,108,1
S02047,B008,M0077,126,1
S02048,B004,M0032,118,1
S02049,B013,M0069,55,1
S02050,B015,M0054,61,1
S02051,B008,M0100,19,1
S02052,B007,M0122,136,1
S02053,B012,M0076,127,1
S02054,B016,M0113,160,1
S02055,B005,M0190,43,1
S02056,B010,M0084,94,1
S02057,B010,M0038,197,1
S02058,B007,M0084,51,1
S02059,B020,M0034,15,1
S02060,B001,M0128,149,1
S02061,B006,M0116,41,1
S02062,B009,M0162,55,1
S02063,B015,M0129,52,1
S02064,B001,M0098,71,1
S02065,B006,M0177,122,1
S02066,B013,M0090,64,1
S02067,B016,M0131,124,1
S02068,B013,M0096,151,1
S02069,B020,M0066,185,1
S02070,B014,M0041,151,1
S02071,B003,M0178,185,1
S02072,B015,M0188,13,1
S02073,B009,M0102,155,1
S02074,B014,M0149,162,1
S02075,B003,M0002,208,1
S02076,B002,M0116,194,1
S02077,B010,M0090,159,1
S02078,B004,M0084,28,1
S02079,B018,M0075,146,1
S02080,B019,M0168,48,1
S02081,B017,M0171,63,1
S02082,B016,M0091,54,1
S02083,B014,M0148,86,1
S02084,B019,M0098,169,1
S02085,B005,M0129,204,1
S02086,B009,M0090,162,1
S02087,B004,M0054,115,1
S02088,B005,M0092,65,1
S02089,B005,M0133,89,1
S02090,B018,M0054,176,1
S02091,B004,M0128,194,1
S02092,B017,M0058,193,1
S02093,B004,M0070,73,1
S02094,B014,M0143,15,1
S02095,B007,M0181,25,1
S02096,B001,M0200,74,1
S02097,B009,M0110,68,1
S02098,B015,M0033,178,1
S02099,B012,M0095,99,1
S02100,B014,M0102,75,1
S02101,B019,M0132,132,1
S02102,B002,M0079,148,1
S02103,B010,M0039,11,1
S02104,B018,M0095,105,1
S02105,B012,M0110,70,1
S02106,B002,M0113,17,1
S02107,B011,M0028,48,1
S02108,B018,M0025,121,1
S02109,B007,M0126,28,1
S02110,B002,M0175,107,1
S02111,B010,M0156,106,1
S02112,B020,M0038,180,1
S02113,B017,M0013,87,1
S02114,B005,M0102,182,1
S02115,B003,M0019,180,1
S02116,B020,M0121,191,1
S02117,B001,M0200,56,1
S02118,B005,M0055,97,1
S02119,B008,M0103,122,1
S02120,B020,M0052,84,1
S02121,B016,M0190,79,1
S02122,B008,M0160,122,1
S02123,B001,M0093,138,1
S02124,B008,M0006,58,1
S02125,B003,M0115,180,1
S02126,B020,M0171,172,1
S02127,B006,M0170,176,1
S02128,B016,M0178,205,1
S02129,B019,M0077,67,1
S02130,B006,M0051,15,1
S02131,B009,M0136,10,1
S02132,B005,M0145,58,1
S02133,B011,M0200,141,1
S02134,B002,M0174,12,1
S02135,B010,M0068,91,1
S02136,B020,M0113,163,1
S02137,B018,M0183,105,1
S02138,B017,M0188,20,1
S02139,B002,M0033,195,1
S02140,B012,M0031,26,1
S02141,B004,M0098,65,1
S02142,B020,M0150,37,1
S02143,B008,M0068,100,1
S02144,B005,M0199,69,1
S02145,B016,M0191,48,1
S02146,B005,M0090,176,1
S02147,B011,M0165,207,1
S02148,B009,M0124,118,1
S02149,B016,M0087,65,1
S02150,B013,M0068,154,1
S02151,B005,M0038,14,1
S02152,B010,M0138,52,1
S02153,B007,M0102,186,1
S02154,B005,M0199,109,1
S02155,B017,M0034,131,1
S02156,B015,M0032,178,1
S02157,B016,M0150,63,1
S02158,B009,M0057,58,1
S02159,B016,M0148,175,1
S02160,B002,M0188,91,1
S02161,B005,M0017,35,1
S02162,B015,M0189,29,1
S02163,B015,M0057,117,1
S02164,B008,M0198,96,1
S02165,B008,M0057,200,1
S02166,B004,M0090,165,1
S02167,B014,M0076,205,1
S02168,B011,M0190,184,1
S02169,B014,M0189,96,1
S02170,B002,M0010,110,1
S02171,B001,M0014,69,1
S02172,B003,M0105,33,1
S02173,B017,M0042,188,1
S02174,B015,M0118,149,1
S02175,B002,M0007,58,1
S02176,B015,M0133,16,1
S02177,B007,M0076,208,1
S02178,B006,M0117,185,1
S02179,B018,M0173,70,1
S02180,B011,M0158,10,1
S02181,B005,M0137,193,1
S02182,B008,M0147,128,1
S02183,B014,M0191,137,1
S02184,B010,M0073,196,1
S02185,B003,M0081,135,1
S02186,B005,M0143,141,1
S02187,B007,M0109,194,1
S02188,B014,M0069,87,1
S02189,B003,M0179,60,1
S02190,B001,M0005,140,1
S02191,B003,M0063,104,1
S02192,B012,M0033,161,1
S02193,B013,M0094,159,1
S02194,B014,M0131,199,1
S02195,B018,M0095,73,1
S02196,B008,M0113,41,1
S02197,B013,M0098,73,1
S02198,B012,M0152,96,1
S02199,B004,M0157,156,1
S02200,B001,M0081,122,1
S02201,B012,M0028,46,1
S02202,B012,M0135,172,1
S02203,B020,M0070,19,1
S02204,B016,M0172,106,1
S02205,B005,M0099,63,1
S02206,B006,M0169,152,1
S02207,B019,M0001,57,1
S02208,B011,M0078,167,1
S02209,B020,M0170,171,1
S02210,B014,M0057,203,1
S02211,B016,M0143,186,1
S02212,B010,M0052,158,1
S02213,B005,M0081,206,1
S02214,B015,M0186,32,1
S02215,B008,M0102,80,1
S02216,B001,M0157,161,1
S02217,B011,M0154,169,1
S02218,B004,M0187,198,1
S02219,B015,M0177,106,1
S02220,B008,M0017,27,1
S02221,B016,M0166,25,1
S02222,B002,M0116,183,1
S02223,B004,M0166,71,1
S02224,B016,M0007,98,1
S02225,B001,M0010,179,1
S02226,B019,M0049,153,1
S02227,B014,M0077,121,1
S02228,B012,M0061,193,1
S02229,B007,M0129,141,1
S02230,B004,M0171,108,1
S02231,B012,M0121,94,1
S02232,B001,M0192,136,1
S02233,B005,M0023,159,1
S02234,B007,M0078,208,1
S02235,B016,M0038,168,1
S02236,B006,M0083,185,1
S02237,B006,M0167,152,1
S02238,B006,M0014,106,1
S02239,B017,M0086,29,1
S02240,B004,M0172,153,1
S02241,B018,M0042,204,1
S02242,B002,M0059,187,1
S02243,B014,M0160,25,1
S02244,B005,M0009,200,1
S02245,B012,M0070,187,1
S02246,B001,M0196,174,1
S02247,B010,M0174,87,1
S02248,B012,M0082,134,1
S02249,B007,M0086,37,1
S02250,B009,M0105,133,1
S02251,B017,M0051,31,1
S02252,B014,M0079,164,1
S02253,B015,M0067,169,1
S02254,B007,M0017,190,1
S02255,B001,M0119,82,1
S02256,B020,M0129,195,1
S02257,B016,M0199,36,1
S02258,B009,M0162,135,1
S02259,B008,M0160,186,1
S02260,B006,M0150,172,1
S02261,B002,M0122,22,1
S02262,B019,M0167,131,1
S02263,B015,M0085,133,1
S02264,B019,M0166,19,1
S02265,B004,M0115,72,1
S02266,B007,M0116,64,1
S02267,B015,M0121,64,1
S02268,B010,M0083,26,1
S02269,B014,M0124,177,1
S02270,B001,M0070,159,1
S02271,B020,M0009,49,1
S02272,B013,M0189,63,1
S02273,B017,M0155,128,1
S02274,B007,M0151,78,1
S02275,B014,M0107,22,1
S02276,B017,M0042,155,1
S02277,B010,M0009,51,1
S02278,B018,M0029,38,1
S02279,B009,M0045,66,1
S02280,B008,M0012,87,1
S02281,B008,M0049,150,1
S02282,B014,M0147,52,1
S02283,B012,M0134,29,1
S02284,B011,M0156,84,1
S02285,B003,M0087,111,1
S02286,B013,M0008,79,1
S02287,B002,M0141,91,1
S02288,B003,M0076,198,1
S02289,B011,M0025,86,1
S02290,B014,M0019,205,1
S02291,B014,M0099,30,1
S02292,B011,M0162,189,1
S02293,B018,M0143,73,1
S02294,B014,M0017,178,1
S02295,B012,M0069,166,1
S02296,B003,M0039,66,1
S02297,B005,M0083,157,1
S02298,B015,M0109,102,1
S02299,B006,M0195,24,1
S02300,B008,M0167,153,1
S02301,B013,M0189,120,1
S02302,B006,M0087,34,1
S02303,B017,M0200,163,1
S02304,B013,M0051,47,1
S02305,B018,M0119,139,1
S02306,B011,M0128,63,1
S02307,B009,M0165,141,1
S02308,B006,M0146,154,1
S02309,B015,M0167,196,1
S02310,B003,M0122,171,1
S02311,B020,M0190,12,1
S02312,B007,M0007,65,1
S02313,B012,M0190,137,1
S02314,B005,M0182,57,1
S02315,B010,M0135,193,1
S02316,B017,M0011,104,1
S02317,B009,M0108,145,1
S02318,B002,M0029,155,1
S02319,B014,M0123,88,1
S02320,B001,M0162,58,1
S02321,B012,M0046,188,1
S02322,B017,M0088,40,1
S02323,B005,M0130,203,1
S02324,B002,M0114,146,1
S02325,B006,M0053,74,1
S02326,B019,M0043,188,1
S02327,B004,M0174,109,1
S02328,B013,M0015,134,1
S02329,B012,M0076,177,1
S02330,B012,M0053,192,1
S02331,B006,M0049,139,1
S02332,B004,M0044,113,1
S02333,B001,M0126,31,1
S02334,B015,M0132,15,1
S02335,B016,M0197,29,1
S02336,B013,M0116,205,1
S02337,B020,M0138,63,1
S02338,B011,M0180,202,1
S02339,B015,M0097,186,1
S02340,B011,M0070,43,1
S02341,B014,M0077,33,1
S02342,B003,M0166,106,1
S02343,B016,M0172,162,1
S02344,B011,M0031,15,1
S02345,B001,M0154,49,1
S02346,B004,M0157,103,1
S02347,B014,M0113,38,1
S02348,B018,M0177,20,1
S02349,B017,M0096,65,1
S02350,B014,M0141,89,1
S02351,B010,M0054,179,1
S02352,B019,M0144,48,1
S02353,B017,M0176,162,1
S02354,B009,M0037,90,1
S02355,B017,M0050,164,1
S02356,B001,M0068,197,1
S02357,B020,M0177,86,1
S02358,B006,M0004,30,1
S02359,B003,M0121,149,1
S02360,B010,M0194,93,1
S02361,B018,M0106,80,1
S02362,B011,M0200,201,1
S02363,B005,M0014,173,1
S02364,B017,M0134,168,1
S02365,B012,M0092,28,1
S02366,B016,M0073,44,1
S02367,B020,M0110,179,1
S02368,B018,M0003,52,1
S02369,B011,M0121,107,1
S02370,B015,M0021,27,1
S02371,B017,M0131,154,1
S02372,B013,M0066,144,1
S02373,B008,M0190,94,1
S02374,B015,M0045,134,1
S02375,B008,M0173,184,1
S02376,B011,M0184,134,1
S02377,B007,M0016,115,1
S02378,B017,M0062,122,1
S02379,B012,M0008,120,1
S02380,B002,M0081,204,1
S02381,B015,M0030,101,1
S02382,B020,M0035,139,1
S02383,B002,M0123,120,1
S02384,B011,M0090,175,1
S02385,B018,M0051,174,1
S02386,B003,M0021,161,1
S02387,B007,M0150,94,1
S02388,B009,M0180,131,1
S02389,B010,M0134,47,1
S02390,B002,M0053,36,1
S02391,B004,M0133,180,1
S02392,B012,M0100,10,1
S02393,B002,M0160,120,1
S02394,B006,M0097,85,1
S02395,B013,M0199,154,1
S02396,B020,M0120,96,1
S02397,B003,M0193,50,1
S02398,B001,M0147,59,1
S02399,B017,M0133,83,1
S02400,B001,M0091,24,1
S02401,B019,M0160,169,1
S02402,B019,M0144,183,1
S02403,B009,M0176,72,1
S02404,B020,M0129,46,1
S02405,B005,M0101,134,1
S02406,B018,M0124,28,1
S02407,B017,M0099,82,1
S02408,B016,M0110,145,1
S02409,B020,M0046,203,1
S02410,B013,M0155,30,1
S02411,B016,M0097,204,1
S02412,B018,M0024,108,1
S02413,B019,M0098,160,1
S02414,B012,M0147,22,1
S02415,B008,M0148,45,1
S02416,B007,M0172,72,1
S02417,B009,M0149,177,1
S02418,B012,M0086,152,1
S02419,B013,M0082,179,1
S02420,B005,M0013,160,1
S02421,B005,M0088,130,1
S02422,B003,M0140,57,1
S02423,B020,M0109,116,1
S02424,B005,M0001,170,1
S02425,B016,M0131,34,1
S02426,B006,M0061,153,1
S02427,B008,M0167,39,1
S02428,B016,M0038,118,1
S02429,B010,M0019,52,1
S02430,B015,M0132,96,1
S02431,B012,M0023,16,1
S02432,B020,M0154,54,1
S02433,B013,M0051,157,1
S02434,B018,M0185,16,1
S02435,B016,M0067,193,1
S02436,B011,M0087,161,1
S02437,B009,M0160,31,1
S02438,B008,M0070,48,1
S02439,B010,M0043,91,1
S02440,B020,M0021,157,1
S02441,B006,M0102,76,1
S02442,B020,M0097,184,1
S02443,B002,M0151,141,1
S02444,B010,M0121,103,1
S02445,B004,M0136,45,1
S02446,B015,M0065,182,1
S02447,B003,M0158,36,1
S02448,B017,M0114,145,1
S02449,B008,M0071,82,1
S02450,B002,M0146,203,1
S02451,B017,M0115,41,1
S02452,B007,M0156,88,1
S02453,B008,M0027,20,1
S02454,B009,M0067,170,1
S02455,B002,M0157,114,1
S02456,B016,M0053,40,1
S02457,B009,M0103,148,1
S02458,B007,M0104,111,1
S02459,B020,M0042,95,1
S02460,B011,M0069,22,1
S02461,B009,M0173,112,1
S02462,B010,M0043,185,1
S02463,B005,M0016,197,1
S02464,B009,M0115,193,1
S02465,B008,M0133,116,1
S02466,B018,M0155,68,1
S02467,B003,M0113,31,1
S02468,B015,M0169,69,1
S02469,B008,M0003,68,1
S02470,B010,M0095,165,1
S02471,B004,M0113,153,1
S02472,B020,M0001,36,1
S02473,B001,M0108,162,1
S02474,B018,M0052,114,1
S02475,B018,M0095,23,1
S02476,B018,M0145,123,1
S02477,B019,M0076,66,1
S02478,B008,M0066,110,1
S02479,B001,M0173,106,1
S02480,B011,M0024,77,1
S02481,B018,M0120,202,1
S02482,B014,M0054,54,1
S02483,B009,M0140,132,1
S02484,B012,M0173,191,1
S02485,B005,M0139,111,1
S02486,B018,M0153,155,1
S02487,B010,M0168,73,1
S02488,B009,M0188,73,1
S02489,B008,M0112,178,1
S02490,B017,M0198,37,1
S02491,B003,M0189,62,1
S02492,B002,M0025,148,1
S02493,B019,M0171,17,1
S02494,B016,M0065,152,1
S02495,B019,M0076,31,1
S02496,B003,M0041,206,1
S02497,B004,M0043,10,1
S02498,B002,M0139,205,1
S02499,B012,M0181,184,1
S02500,B016,M0011,142,1
S02501,B001,M0032,17,1
S02502,B011,M0035,208,1
S02503,B014,M0105,198,1
S02504,B001,M0182,13,1
S02505,B011,M0197,114,1
S02506,B015,M0176,130,1
S02507,B004,M0028,142,1
S02508,B013,M0131,154,1
S02509,B016,M0171,130,1
S02510,B007,M0121,115,1
S02511,B002,M0085,59,1
S02512,B012,M0075,193,1
S02513,B012,M0178,64,1
S02514,B016,M0189,173,1
S02515,B002,M0138,14,1
S02516,B011,M0026,153,1
S02517,B014,M0181,200,1
S02518,B003,M0111,104,1
S02519,B018,M0140,143,1
S02520,B016,M0035,144,1
S02521,B005,M0113,55,1
S02522,B004,M0002,141,1
S02523,B011,M0115,153,1
S02524,B008,M0173,100,1
S02525,B010,M0009,123,1
S02526,B008,M0108,121,1
S02527,B019,M0151,58,1
S02528,B014,M0066,151,1
S02529,B002,M0161,74,1
S02530,B017,M0061,73,1
S02531,B005,M0155,207,1
S02532,B013,M0016,136,1
S02533,B001,M0109,162,1
S02534,B008,M0087,125,1
S02535,B013,M0063,135,1
S02536,B010,M0144,113,1
S02537,B002,M0133,24,1
S02538,B003,M0056,35,1
S02539,B017,M0058,55,1
S02540,B011,M0092,130,1
S02541,B015,M0192,17,1
S02542,B017,M0170,120,1
S02543,B019,M0154,163,1
S02544,B013,M0117,112,1
S02545,B009,M0170,133,1
S02546,B004,M0173,141,1
S02547,B005,M0176,189,1
S02548,B001,M0098,194,1
S02549,B016,M0147,204,1
S02550,B002,M0155,132,1
S02551,B011,M0147,38,1
S02552,B014,M0180,81,1
S02553,B008,M0174,120,1
S02554,B016,M0074,149,1
S02555,B019,M0017,146,1
S02556,B007,M0166,34,1
S02557,B008,M0027,130,1
S02558,B011,M0007,178,1
S02559,B004,M0101,169,1
S02560,B011,M0041,91,1
S02561,B001,M0186,152,1
S02562,B020,M0109,172,1
S02563,B012,M0056,81,1
S02564,B019,M0133,87,1
S02565,B004,M0188,107,1
S02566,B016,M0037,183,1
S02567,B001,M0167,151,1
S02568,B015,M0187,118,1
S02569,B001,M0072,47,1
S02570,B018,M0057,65,1
S02571,B019,M0078,77,1
S02572,B014,M0183,109,1
S02573,B011,M0062,203,1
S02574,B013,M0162,10,1
S02575,B016,M0191,101,1
S02576,B012,M0155,47,1
S02577,B013,M0132,72,1
S02578,B014,M0168,145,1
S02579,B008,M0131,132,1
S02580,B002,M0199,78,1
S02581,B006,M0115,141,1
S02582,B014,M0184,203,1
S02583,B020,M0059,139,1
S02584,B017,M0156,33,1
S02585,B006,M0069,25,1
S02586,B004,M0032,129,1
S02587,B006,M0194,96,1
S02588,B016,M0015,50,1
S02589,B010,M0053,146,1
S02590,B003,M0190,173,1
S02591,B019,M0033,73,1
S02592,B004,M0106,140,1
S02593,B017,M0195,65,1
S02594,B004,M0135,144,1
S02595,B015,M0031,209,1
S02596,B018,M0093,102,1
S02597,B013,M0083,200,1
S02598,B012,M0052,107,1
S02599,B001,M0005,44,1
S02600,B016,M0075,40,1
S02601,B008,M0137,115,1
S02602,B011,M0127,144,1
S02603,B011,M0067,124,1
S02604,B016,M0137,16,1
S02605,B017,M0003,156,1
S02606,B008,M0068,205,1
S02607,B004,M0074,55,1
S02608,B014,M0138,153,1
S02609,B012,M0171,59,1
S02610,B002,M0003,141,1
S02611,B001,M0150,24,1
S02612,B013,M0037,80,1
S02613,B018,M0104,81,1
S02614,B016,M0122,99,1
S02615,B006,M0062,50,1
S02616,B015,M0079,67,1
S02617,B006,M0152,141,1
S02618,B002,M0168,75,1
S02619,B006,M0074,20,1
S02620,B010,M0100,208,1
S02621,B003,M0036,110,1
S02622,B012,M0085,134,1
S02623,B007,M0129,87,1
S02624,B015,M0017,86,1
S02625,B006,M0191,33,1
S02626,B003,M0166,122,1
S02627,B012,M0085,91,1
S02628,B001,M0077,11,1
S02629,B006,M0045,109,1
S02630,B014,M0053,133,1
S02631,B014,M0005,176,1
S02632,B017,M0061,138,1
S02633,B020,M0133,58,1
S02634,B004,M0118,156,1
S02635,B013,M0182,177,1
S02636,B014,M0046,168,1
S02637,B017,M0011,176,1
S02638,B013,M0108,44,1
S02639,B003,M0029,139,1
S02640,B012,M0068,162,1
S02641,B018,M0028,130,1
S02642,B019,M0178,21,1
S02643,B019,M0005,163,1
S02644,B003,M0105,182,1
S02645,B010,M0062,18,1
S02646,B019,M0134,166,1
S02647,B012,M0113,55,1
S02648,B019,M0009,172,1
S02649,B008,M0083,208,1
S02650,B009,M0048,104,1
S02651,B006,M0166,68,1
S02652,B002,M0187,23,1
S02653,B009,M0019,148,1
S02654,B004,M0105,187,1
S02655,B017,M0047,164,1
S02656,B014,M0066,149,1
S02657,B013,M0132,131,1
S02658,B014,M0079,151,1
S02659,B017,M0109,99,1
S02660,B017,M0168,24,1
S02661,B005,M0006,190,1
S02662,B013,M0062,144,1
S02663,B003,M0154,80,1
S02664,B011,M0027,96,1
S02665,B004,M0175,133,1
S02666,B003,M0161,194,1
S02667,B001,M0170,198,1
S02668,B007,M0105,159,1
S02669,B011,M0144,67,1
S02670,B017,M0158,93,1
S02671,B018,M0102,69,1
S02672,B001,M0174,23,1
S02673,B016,M0178,194,1
S02674,B003,M0192,205,1
S02675,B017,M0165,99,1
S02676,B016,M0183,162,1
S02677,B015,M0049,94,1
S02678,B011,M0127,56,1
S02679,B004,M0168,173,1
S02680,B013,M0159,183,1
S02681,B005,M0180,63,1
S02682,B020,M0074,101,1
S02683,B002,M0185,203,1
S02684,B012,M0085,61,1
S02685,B002,M0150,199,1
S02686,B018,M0021,158,1
S02687,B004,M0185,151,1
S02688,B007,M0120,182,1
S02689,B013,M0084,140,1
S02690,B013,M0142,186,1
S02691,B013,M0044,134,1
S02692,B001,M0099,187,1
S02693,B015,M0162,143,1
S02694,B010,M0178,49,1
S02695,B004,M0162,159,1
S02696,B016,M0058,39,1
S02697,B012,M0060,42,1
S02698,B010,M0109,156,1
S02699,B012,M0027,73,1
S02700,B016,M0014,138,1
S02701,B006,M0015,201,1
S02702,B003,M0111,137,1
S02703,B005,M0111,59,1
S02704,B017,M0069,123,1
S02705,B013,M0187,70,1
S02706,B004,M0011,121,1
S02707,B017,M0113,68,1
S02708,B012,M0034,81,1
S02709,B001,M0173,176,1
S02710,B017,M0001,134,1
S02711,B002,M0127,153,1
S02712,B005,M0075,104,1
S02713,B003,M0173,157,1
S02714,B016,M0180,20,1
S02715,B005,M0176,21,1
S02716,B003,M0097,12,1
S02717,B019,M0017,11,1
S02718,B003,M0054,163,1
S02719,B009,M0177,99,1
S02720,B001,M0113,181,1
S02721,B006,M0131,31,1
S02722,B016,M0183,70,1
S02723,B007,M0068,199,1
S02724,B010,M0089,142,1
S02725,B012,M0126,172,1
S02726,B008,M0165,28,1
S02727,B014,M0055,91,1
S02728,B002,M0175,18,1
S02729,B012,M0200,13,1
S02730,B007,M0023,88,1
S02731,B012,M0030,206,1
S02732,B013,M0098,76,1
S02733,B020,M0021,158,1
S02734,B011,M0066,143,1
S02735,B011,M0013,175,1
S02736,B016,M0147,19,1
S02737,B014,M0048,187,1
S02738,B019,M0141,181,1
S02739,B010,M0102,128,1
S02740,B006,M0062,200,1
S02741,B012,M0103,179,1
S02742,B005,M0032,148,1
S02743,B003,M0154,143,1
S02744,B003,M0018,172,1
S02745,B016,M0138,183,1
S02746,B013,M0176,203,1
S02747,B017,M0046,190,1
S02748,B001,M0121,146,1
S02749,B003,M0192,20,1
S02750,B017,M0014,111,1
S02751,B012,M0124,179,1
S02752,B013,M0120,44,1
S02753,B013,M0046,65,1
S02754,B011,M0150,73,1
S02755,B017,M0108,90,1
S02756,B008,M0175,158,1
S02757,B007,M0076,74,1
S02758,B020,M0084,44,1
S02759,B013,M0198,150,1
S02760,B008,M0100,69,1
S02761,B005,M0047,129,1
S02762,B015,M0184,169,1
S02763,B002,M0102,183,1
S02764,B017,M0161,155,1
S02765,B019,M0077,166,1
S02766,B006,M0131,129,1
S02767,B009,M0021,71,1
S02768,B002,M0174,202,1
S02769,B017,M0192,157,1
S02770,B017,M0019,30,1
S02771,B011,M0182,117,1
S02772,B002,M0008,153,1
S02773,B015,M0090,29,1
S02774,B017,M0185,190,1
S02775,B006,M0068,179,1
S02776,B004,M0073,46,1
S02777,B004,M0041,161,1
S02778,B004,M0002,77,1
S02779,B013,M0015,59,1
S02780,B003,M0041,57,1
S02781,B012,M0087,142,1
S02782,B008,M0003,142,1
S02783,B004,M0134,68,1
S02784,B005,M0025,18,1
S02785,B017,M0105,197,1
S02786,B017,M0062,175,1
S02787,B014,M0085,59,1
S02788,B003,M0112,31,1
S02789,B006,M0066,171,1
S02790,B020,M0130,134,1
S02791,B020,M0068,165,1
S02792,B010,M0054,13,1
S02793,B006,M0188,51,1
S02794,B014,M0063,83,1
S02795,B015,M0056,42,1
S02796,B002,M0118,122,1
S02797,B020,M0155,61,1
S02798,B019,M0159,36,1
S02799,B002,M0129,92,1
S02800,B020,M0072,52,1
S02801,B012,M0053,23,1
S02802,B008,M0033,143,1
S02803,B002,M0064,46,1
S02804,B002,M0172,105,1
S02805,B016,M0122,169,1
S02806,B007,M0119,87,1
S02807,B020,M0123,80,1
S02808,B014,M0194,147,1
S02809,B002,M0036,86,1
S02810,B003,M0168,95,1
S02811,B001,M0200,55,1
S02812,B008,M0126,94,1
S02813,B016,M0171,150,1
S02814,B015,M0072,148,1
S02815,B013,M0035,122,1
S02816,B015,M0064,152,1
S02817,B002,M0136,200,1
S02818,B016,M0108,42,1
S02819,B006,M0061,87,1
S02820,B010,M0089,125,1
S02821,B015,M0139,100,1
S02822,B015,M0123,14,1
S02823,B008,M0195,188,1
S02824,B012,M0058,150,1
S02825,B003,M0164,159,1
S02826,B016,M0182,195,1
S02827,B001,M0087,163,1
S02828,B013,M0134,172,1
S02829,B002,M0059,47,1
S02830,B018,M0129,99,1
S02831,B003,M0134,61,1
S02832,B009,M0151,70,1
S02833,B007,M0084,29,1
S02834,B009,M0114,100,1
S02835,B002,M0038,16,1
S02836,B012,M0093,196,1
S02837,B001,M0123,42,1
S02838,B007,M0094,196,1
S02839,B017,M0178,171,1
S02840,B019,M0195,86,1
S02841,B009,M0087,107,1
S02842,B006,M0036,43,1
S02843,B017,M0196,86,1
S02844,B010,M0147,181,1
S02845,B020,M0054,14,1
S02846,B006,M0034,52,1
S02847,B016,M0191,192,1
S02848,B017,M0034,116,1
S02849,B012,M0102,21,1
S02850,B018,M0132,176,1
S02851,B008,M0024,137,1
S02852,B014,M0166,100,1
S02853,B015,M0147,25,1
S02854,B014,M0083,159,1
S02855,B020,M0056,119,1
S02856,B007,M0178,170,1
S02857,B005,M0178,79,1
S02858,B017,M0163,155,1
S02859,B018,M0119,116,1
S02860,B005,M0164,207,1
S02861,B015,M0121,88,1
S02862,B004,M0165,91,1
S02863,B003,M0071,117,1
S02864,B016,M0022,147,1
S02865,B008,M0112,53,1
S02866,B016,M0075,65,1
S02867,B003,M0196,37,1
S02868,B020,M0040,182,1
S02869,B014,M0057,110,1
S02870,B012,M0091,185,1
S02871,B008,M0172,16,1
S02872,B006,M0102,19,1
S02873,B004,M0167,147,1
S02874,B003,M0115,38,1
S02875,B001,M0096,149,1
S02876,B009,M0181,106,1
S02877,B004,M0070,171,1
S02878,B010,M0028,91,1
S02879,B017,M0062,124,1
S02880,B005,M0097,74,1
S02881,B016,M0160,33,1
S02882,B013,M0098,27,1
S02883,B018,M0185,69,1
S02884,B010,M0106,184,1
S02885,B005,M0126,207,1
S02886,B016,M0175,158,1
S02887,B001,M0039,177,1
S02888,B013,M0076,159,1
S02889,B015,M0171,74,1
S02890,B013,M0016,73,1
S02891,B008,M0069,19,1
S02892,B008,M0093,53,1
S02893,B001,M0113,28,1
S02894,B001,M0167,72,1
S02895,B019,M0098,95,1
S02896,B019,M0104,40,1
S02897,B005,M0191,56,1
S02898,B017,M0104,74,1
S02899,B013,M0150,43,1
S02900,B012,M0192,122,1
S02901,B009,M0152,96,1
S02902,B010,M0193,65,1
S02903,B001,M0054,155,1
S02904,B007,M0081,159,1
S02905,B004,M0200,154,1
S02906,B017,M0137,53,1
S02907,B009,M0175,175,1
S02908,B007,M0016,65,1
S02909,B012,M0094,161,1
S02910,B010,M0098,156,1
S02911,B011,M0036,72,1
S02912,B018,M0162,52,1
S02913,B017,M0017,160,1
S02914,B011,M0169,89,1
S02915,B011,M0156,184,1
S02916,B015,M0097,173,1
S02917,B015,M0121,104,1
S02918,B014,M0082,126,1
S02919,B014,M0051,128,1
S02920,B012,M0146,97,1
S02921,B013,M0027,26,1
S02922,B007,M0089,39,1
S02923,B008,M0157,171,1
S02924,B018,M0116,76,1
S02925,B017,M0104,111,1
S02926,B012,M0116,21,1
S02927,B018,M0178,160,1
S02928,B005,M0147,200,1
S02929,B013,M0050,76,1
S02930,B016,M0061,140,1
S02931,B019,M0105,85,1
S02932,B002,M0130,46,1
S02933,B008,M0188,60,1
S02934,B002,M0028,137,1
S02935,B010,M0197,136,1
S02936,B006,M0110,149,1
S02937,B011,M0078,109,1
S02938,B008,M0042,115,1
S02939,B013,M0134,32,1
S02940,B014,M0135,134,1
S02941,B019,M0138,204,1
S02942,B006,M0080,21,1
S02943,B010,M0132,81,1
S02944,B008,M0041,41,1
S02945,B019,M0006,124,1
S02946,B010,M0110,77,1
S02947,B003,M0030,61,1
S02948,B013,M0064,118,1
S02949,B003,M0190,177,1
S02950,B007,M0064,13,1
S02951,B016,M0106,174,1
S02952,B007,M0074,67,1
S02953,B007,M0157,123,1
S02954,B005,M0044,51,1
S02955,B011,M0121,80,1
S02956,B017,M0030,86,1
S02957,B011,M0065,126,1
S02958,B009,M0183,55,1
S02959,B001,M0082,140,1
S02960,B019,M0154,111,1
S02961,B012,M0040,61,1
S02962,B004,M0118,169,1
S02963,B019,M0185,104,1
S02964,B002,M0177,29,1
S02965,B004,M0122,46,1
S02966,B015,M0136,181,1
S02967,B012,M0019,26,1
S02968,B016,M0075,10,1
S02969,B020,M0196,56,1
S02970,B003,M0057,204,1
S02971,B001,M0087,37,1
S02972,B006,M0182,68,1
S02973,B002,M0054,81,1
S02974,B019,M0083,136,1
S02975,B004,M0124,19,1
S02976,B004,M0194,26,1
S02977,B019,M0059,60,1
S02978,B004,M0029,155,1
S02979,B010,M0074,104,1
S02980,B016,M0067,17,1
S02981,B014,M0123,31,1
S02982,B019,M0166,100,1
S02983,B003,M0015,23,1
S02984,B002,M0015,161,1
S02985,B006,M0166,162,1
S02986,B010,M0059,168,1
S02987,B016,M0015,167,1
S02988,B011,M0126,200,1
S02989,B015,M0015,43,1
S02990,B020,M0132,146,1
S02991,B011,M0128,142,1
S02992,B007,M0032,170,1
S02993,B011,M0139,46,1
S02994,B011,M0174,183,1
S02995,B008,M0153,31,1
S02996,B013,M0082,186,1
S02997,B013,M0101,178,1
S02998,B006,M0178,184,1
S02999,B013,M0093,127,1
S03000,B007,M0162,145,1
S03001,B007,M0151,78,1
S03002,B012,M0163,156,1
S03003,B001,M0041,96,1
S03004,B017,M0122,49,1
S03005,B001,M0199,194,1
S03006,B004,M0189,121,1
S03007,B002,M0054,129,1
S03008,B004,M0138,197,1
S03009,B007,M0099,170,1
S03010,B002,M0074,71,1
S03011,B020,M0036,166,1
S03012,B019,M0037,24,1
S03013,B004,M0059,84,1
S03014,B019,M0079,202,1
S03015,B010,M0069,49,1
S03016,B005,M0196,40,1
S03017,B017,M0082,27,1
S03018,B001,M0083,11,1
S03019,B006,M0075,83,1
S03020,B004,M0065,102,1
S03021,B020,M0152,35,1
S03022,B002,M0112,121,1
S03023,B013,M0134,36,1
S03024,B003,M0075,68,1
S03025,B017,M0064,188,1
S03026,B007,M0058,121,1
S03027,B018,M0181,86,1
S03028,B007,M0072,34,1
S03029,B007,M0073,12,1
S03030,B006,M0077,39,1
S03031,B017,M0071,16,1
S03032,B013,M0081,150,1
S03033,B017,M0099,164,1
S03034,B009,M0180,175,1
S03035,B013,M0109,71,1
S03036,B017,M0199,63,1
S03037,B012,M0151,108,1
S03038,B014,M0053,61,1
S03039,B014,M0008,24,1
S03040,B002,M0003,46,1
S03041,B017,M0083,195,1
S03042,B004,M0009,30,1
S03043,B009,M0025,121,1
S03044,B007,M0162,40,1
S03045,B004,M0074,14,1
S03046,B010,M0159,65,1
S03047,B005,M0026,158,1
S03048,B016,M0047,195,1
S03049,B004,M0180,41,1
S03050,B007,M0112,126,1
S03051,B015,M0176,72,1
S03052,B014,M0170,36,1
S03053,B003,M0024,186,1
S03054,B011,M0150,113,1
S03055,B007,M0082,64,1
S03056,B009,M0134,106,1
S03057,B010,M0186,74,1
S03058,B002,M0182,19,1
S03059,B005,M0194,33,1
S03060,B008,M0144,122,1
S03061,B009,M0042,144,1
S03062,B019,M0165,37,1
S03063,B015,M0037,92,1
S03064,B001,M0131,102,1
S03065,B001,M0035,62,1
S03066,B003,M0064,98,1
S03067,B009,M0050,70,1
S03068,B006,M0144,108,1
S03069,B015,M0020,164,1
S03070,B016,M0108,200,1
S03071,B008,M0164,68,1
S03072,B009,M0010,144,1
S03073,B001,M0159,50,1
S03074,B006,M0037,27,1
S03075,B017,M0189,191,1
S03076,B007,M0200,86,1
S03077,B004,M0156,111,1
S03078,B005,M0178,94,1
S03079,B005,M0152,204,1
S03080,B004,M0147,47,1
S03081,B012,M0177,56,1
S03082,B005,M0102,150,1
S03083,B001,M0178,26,1
S03084,B010,M0070,166,1
S03085,B020,M0057,181,1
S03086,B018,M0130,126,1
S03087,B004,M0006,63,1
S03088,B011,M0125,111,1
S03089,B011,M0086,109,1
S03090,B014,M0110,97,1
S03091,B001,M0075,93,1
S03092,B019,M0006,164,1
S03093,B005,M0164,114,1
S03094,B010,M0087,39,1
S03095,B020,M0075,158,1
S03096,B003,M0140,196,1
S03097,B019,M0036,126,1
S03098,B002,M0051,111,1
S03099,B001,M0161,63,1
S03100,B006,M0066,146,1
S03101,B001,M0121,100,1
S03102,B007,M0184,45,1
S03103,B007,M0031,81,1
S03104,B013,M0179,55,1
S03105,B001,M0130,203,1
S03106,B015,M0003,25,1
S03107,B016,M0067,52,1
S03108,B020,M0080,148,1
S03109,B014,M0005,45,1
S03110,B007,M0149,60,1
S03111,B006,M0124,124,1
S03112,B003,M0003,167,1
S03113,B016,M0149,61,1
S03114,B013,M0064,24,1
S03115,B010,M0134,118,1
S03116,B015,M0161,128,1
S03117,B019,M0144,94,1
S03118,B019,M0024,179,1
S03119,B016,M0031,125,1
S03120,B008,M0052,199,1
S03121,B018,M0056,57,1
S03122,B004,M0021,159,1
S03123,B002,M0156,13,1
S03124,B013,M0181,21,1
S03125,B013,M0083,182,1
S03126,B018,M0174,193,1
S03127,B011,M0012,33,1
S03128,B015,M0007,69,1
S03129,B016,M0113,195,1
S03130,B019,M0088,84,1
S03131,B001,M0152,24,1
S03132,B003,M0056,30,1
S03133,B015,M0154,121,1
S03134,B013,M0028,162,1
S03135,B008,M0149,91,1
S03136,B010,M0171,167,1
S03137,B007,M0026,27,1
S03138,B005,M0159,86,1
S03139,B010,M0103,90,1
S03140,B010,M0112,111,1
S03141,B007,M0170,18,1
S03142,B016,M0123,17,1
S03143,B011,M0059,149,1
S03144,B015,M0149,87,1
S03145,B004,M0179,172,1
S03146,B016,M0107,87,1
S03147,B017,M0055,31,1
S03148,B007,M0118,117,1
S03149,B011,M0162,91,1
S03150,B006,M0109,157,1
S03151,B020,M0025,61,1
S03152,B001,M0143,31,1
S03153,B006,M0051,17,1
S03154,B009,M0177,58,1
S03155,B012,M0146,133,1
S03156,B014,M0009,57,1
S03157,B014,M0172,88,1
S03158,B020,M0078,207,1
S03159,B009,M0046,26,1
S03160,B002,M0162,100,1
S03161,B002,M0095,63,1
S03162,B004,M0076,52,1
S03163,B006,M0090,148,1
S03164,B017,M0023,36,1
S03165,B001,M0171,72,1
S03166,B017,M0028,192,1
S03167,B019,M0162,165,1
S03168,B012,M0092,133,1
S03169,B003,M0136,150,1
S03170,B015,M0093,133,1
S03171,B019,M0117,207,1
S03172,B020,M0156,115,1
S03173,B015,M0102,156,1
S03174,B001,M0168,190,1
S03175,B008,M0167,98,1
S03176,B007,M0164,12,1
S03177,B004,M0144,88,1
S03178,B014,M0147,79,1
S03179,B018,M0185,169,1
S03180,B011,M0121,99,1
S03181,B006,M0050,94,1
S03182,B020,M0036,15,1
S03183,B004,M0024,12,1
S03184,B012,M0057,154,1
S03185,B020,M0076,113,1
S03186,B007,M0148,12,1
S03187,B016,M0152,137,1
S03188,B009,M0191,100,1
S03189,B011,M0098,44,1
S03190,B015,M0075,92,1
S03191,B017,M0172,181,1
S03192,B014,M0136,62,1
S03193,B003,M0106,150,1
S03194,B005,M0099,195,1
S03195,B018,M0100,144,1
S03196,B013,M0082,200,1
S03197,B011,M0121,99,1
S03198,B017,M0101,46,1
S03199,B010,M0034,68,1
S03200,B011,M0116,61,1
S03201,B011,M0099,63,1
S03202,B016,M0072,99,1
S03203,B003,M0154,54,1
S03204,B007,M0111,188,1
S03205,B013,M0060,53,1
S03206,B009,M0065,202,1
S03207,B018,M0013,94,1
S03208,B003,M0068,177,1
S03209,B005,M0104,86,1
S03210,B014,M0164,124,1
S03211,B016,M0129,113,1
S03212,B015,M0183,188,1
S03213,B018,M0140,165,1
S03214,B013,M0033,79,1
S03215,B019,M0056,191,1
S03216,B002,M0152,109,1
S03217,B005,M0143,206,1
S03218,B011,M0139,147,1
S03219,B008,M0123,166,1
S03220,B015,M0051,90,1
S03221,B010,M0049,142,1
S03222,B011,M0162,157,1
S03223,B008,M0057,126,1
S03224,B005,M0029,62,1
S03225,B019,M0166,45,1
S03226,B004,M0145,93,1
S03227,B018,M0105,94,1
S03228,B015,M0078,70,1
S03229,B004,M0078,16,1
S03230,B013,M0130,126,1
S03231,B004,M0169,132,1
S03232,B008,M0189,114,1
S03233,B017,M0101,99,1
S03234,B005,M0013,34,1
S03235,B002,M0082,84,1
S03236,B019,M0118,69,1
S03237,B002,M0082,195,1
S03238,B013,M0088,87,1
S03239,B001,M0192,126,1
S03240,B011,M0096,123,1
S03241,B006,M0094,41,1
S03242,B010,M0186,58,1
S03243,B013,M0187,202,1
S03244,B018,M0084,94,1
S03245,B015,M0132,26,1
S03246,B020,M0016,15,1
S03247,B006,M0028,103,1
S03248,B004,M0183,59,1
S03249,B018,M0039,179,1
S03250,B016,M0065,194,1
S03251,B013,M0118,183,1
S03252,B015,M0184,62,1
S03253,B009,M0141,162,1
S03254,B005,M0038,13,1
S03255,B006,M0122,152,1
S03256,B014,M0069,160,1
S03257,B008,M0166,96,1
S03258,B020,M0097,175,1
S03259,B011,M0174,108,1
S03260,B019,M0174,18,1
S03261,B005,M0128,73,1
S03262,B017,M0159,29,1
S03263,B015,M0058,161,1
S03264,B010,M0005,120,1
S03265,B008,M0034,197,1
S03266,B019,M0152,143,1
S03267,B005,M0047,171,1
S03268,B015,M0021,148,1
S03269,B018,M0091,33,1
S03270,B016,M0099,122,1
S03271,B020,M0158,206,1
S03272,B012,M0038,157,1
S03273,B019,M0087,118,1
S03274,B017,M0008,118,1
S03275,B016,M0154,168,1
S03276,B005,M0075,115,1
S03277,B011,M0062,27,1
S03278,B009,M0078,67,1
S03279,B020,M0098,27,1
S03280,B009,M0050,177,1
S03281,B011,M0129,37,1
S03282,B020,M0188,189,1
S03283,B015,M0053,65,1
S03284,B010,M0114,94,1
S03285,B009,M0082,100,1
S03286,B008,M0187,41,1
S03287,B006,M0156,200,1
S03288,B001,M0195,33,1
S03289,B008,M0199,90,1
S03290,B017,M0192,107,1
S03291,B019,M0134,182,1
S03292,B016,M0015,168,1
S03293,B014,M0162,164,1
S03294,B018,M0008,70,1
S03295,B003,M0035,183,1
S03296,B013,M0030,44,1
S03297,B020,M0016,98,1
S03298,B020,M0037,199,1
S03299,B018,M0031,193,1
S03300,B008,M0103,44,1
S03301,B005,M0076,202,1
S03302,B006,M0030,134,1
S03303,B020,M0114,145,1
S03304,B020,M0105,163,1
S03305,B001,M0015,184,1
S03306,B018,M0163,34,1
S03307,B005,M0018,47,1
S03308,B012,M0032,120,1
S03309,B008,M0087,186,1
S03310,B017,M0134,112,1
S03311,B002,M0029,125,1
S03312,B001,M0077,73,1
S03313,B014,M0025,32,1
S03314,B002,M0198,161,1
S03315,B002,M0069,206,1
S03316,B012,M0063,61,1
S03317,B009,M0108,64,1
S03318,B005,M0077,205,1
S03319,B012,M0185,114,1
S03320,B018,M0037,28,1
S03321,B014,M0100,127,1
S03322,B002,M0002,183,1
S03323,B003,M0021,94,1
S03324,B003,M0100,171,1
S03325,B003,M0184,187,1
S03326,B003,M0010,190,1
S03327,B017,M0150,73,1
S03328,B001,M0182,97,1
S03329,B010,M0009,29,1
S03330,B017,M0096,77,1
S03331,B014,M0118,153,1
S03332,B010,M0120,48,1
S03333,B003,M0119,28,1
S03334,B004,M0075,160,1
S03335,B016,M0072,125,1
S03336,B017,M0165,34,1
S03337,B006,M0001,76,1
S03338,B015,M0039,172,1
S03339,B020,M0119,28,1
S03340,B014,M0161,185,1
S03341,B004,M0145,125,1
S03342,B003,M0053,114,1
S03343,B003,M0160,131,1
S03344,B004,M0060,26,1
S03345,B013,M0114,151,1
S03346,B005,M0004,40,1
S03347,B019,M0034,196,1
S03348,B017,M0048,166,1
S03349,B003,M0088,131,1
S03350,B007,M0169,92,1
S03351,B005,M0142,10,1
S03352,B013,M0126,109,1
S03353,B007,M0122,116,1
S03354,B016,M0091,110,1
S03355,B008,M0032,18,1
S03356,B019,M0138,201,1
S03357,B008,M0190,20,1
S03358,B001,M0152,137,1
S03359,B001,M0105,76,1
S03360,B006,M0167,131,1
S03361,B001,M0009,115,1
S03362,B018,M0004,21,1
S03363,B006,M0063,184,1
S03364,B016,M0173,22,1
S03365,B011,M0034,18,1
S03366,B017,M0080,60,1
S03367,B009,M0107,12,1
S03368,B014,M0070,125,1
S03369,B017,M0090,149,1
S03370,B006,M0176,207,1
S03371,B017,M0166,98,1
S03372,B012,M0175,26,1
S03373,B005,M0050,39,1
S03374,B015,M0037,21,1
S03375,B008,M0128,39,1
S03376,B002,M0116,37,1
S03377,B007,M0185,95,1
S03378,B003,M0082,136,1
S03379,B016,M0110,22,1
S03380,B008,M0147,30,1
S03381,B005,M0144,143,1
S03382,B014,M0090,99,1
S03383,B013,M0135,60,1
S03384,B019,M0082,65,1
S03385,B001,M0149,189,1
S03386,B008,M0095,156,1
S03387,B020,M0002,125,1
S03388,B010,M0125,116,1
S03389,B008,M0136,50,1
S03390,B003,M0078,178,1
S03391,B002,M0126,92,1
S03392,B016,M0023,167,1
S03393,B005,M0190,80,1
S03394,B007,M0126,27,1
S03395,B016,M0062,169,1
S03396,B003,M0169,96,1
S03397,B002,M0199,120,1
S03398,B002,M0033,118,1
S03399,B010,M0088,195,1
S03400,B019,M0128,137,1
S03401,B019,M0022,152,1
S03402,B001,M0009,191,1
S03403,B004,M0059,117,1
S03404,B017,M0169,79,1
S03405,B019,M0189,195,1
S03406,B014,M0100,44,1
S03407,B004,M0146,37,1
S03408,B016,M0167,57,1
S03409,B004,M0050,147,1
S03410,B010,M0011,163,1
S03411,B002,M0055,161,1
S03412,B010,M0172,58,1
S03413,B012,M0146,25,1
S03414,B007,M0021,86,1
S03415,B003,M0008,51,1
S03416,B006,M0069,203,1
S03417,B010,M0048,117,1
S03418,B020,M0009,109,1
S03419,B009,M0160,44,1
S03420,B006,M0072,154,1
S03421,B008,M0147,160,1
S03422,B006,M0081,190,1
S03423,B020,M0170,21,1
S03424,B012,M0057,41,1
S03425,B010,M0002,110,1
S03426,B020,M0178,148,1
S03427,B009,M0040,80,1
S03428,B019,M0065,19,1
S03429,B020,M0068,33,1
S03430,B018,M0040,193,1
S03431,B008,M0164,118,1
S03432,B004,M0175,73,1
S03433,B018,M0128,137,1
S03434,B018,M0128,33,1
S03435,B005,M0016,82,1
S03436,B014,M0112,76,1
S03437,B008,M0014,39,1
S03438,B015,M0021,188,1
S03439,B012,M0168,107,1
S03440,B020,M0130,79,1
S03441,B013,M0048,40,1
S03442,B012,M0076,79,1
S03443,B010,M0105,200,1
S03444,B010,M0022,164,1
S03445,B020,M0121,46,1
S03446,B013,M0188,121,1
S03447,B019,M0044,148,1
S03448,B004,M0091,184,1
S03449,B006,M0024,153,1
S03450,B005,M0126,125,1
S03451,B009,M0141,105,1
S03452,B003,M0079,125,1
S03453,B016,M0161,68,1
S03454,B001,M0027,169,1
S03455,B020,M0186,74,1
S03456,B013,M0144,59,1
S03457,B017,M0081,148,1
S03458,B005,M0140,82,1
S03459,B002,M0088,41,1
S03460,B015,M0065,19,1
S03461,B013,M0004,163,1
S03462,B005,M0083,113,1
S03463,B014,M0193,56,1
S03464,B001,M0103,121,1
S03465,B012,M0005,27,1
S03466,B002,M0191,183,1
S03467,B020,M0020,28,1
S03468,B019,M0187,29,1
S03469,B002,M0001,150,1
S03470,B019,M0069,48,1
S03471,B011,M0095,187,1
S03472,B012,M0089,157,1
S03473,B009,M0120,25,1
S03474,B015,M0178,159,1
S03475,B014,M0007,135,1
S03476,B009,M0158,57,1
S03477,B001,M0017,136,1
S03478,B017,M0037,167,1
S03479,B019,M0041,19,1
S03480,B004,M0112,27,1
S03481,B015,M0193,84,1
S03482,B011,M0114,105,1
S03483,B006,M0077,66,1
S03484,B018,M0015,186,1
S03485,B020,M0160,89,1
S03486,B016,M0107,70,1
S03487,B006,M0048,24,1
S03488,B018,M0002,203,1
S03489,B005,M0072,148,1
S03490,B009,M0007,83,1
S03491,B017,M0083,97,1
S03492,B012,M0036,164,1
S03493,B012,M0099,65,1
S03494,B012,M0149,172,1
S03495,B005,M0116,110,1
S03496,B015,M0172,174,1
S03497,B004,M0072,130,1
S03498,B001,M0098,14,1
S03499,B017,M0104,79,1
S03500,B008,M0139,141,1
S03501,B002,M0082,123,1
S03502,B017,M0047,142,1
S03503,B006,M0043,18,1
S03504,B007,M0104,190,1
S03505,B004,M0110,75,1
S03506,B004,M0174,88,1
S03507,B016,M0069,18,1
S03508,B011,M0072,117,1
S03509,B002,M0070,20,1
S03510,B010,M0043,132,1
S03511,B020,M0002,100,1
S03512,B002,M0049,81,1
S03513,B011,M0118,99,1
S03514,B018,M0137,203,1
S03515,B002,M0101,42,1
S03516,B019,M0068,141,1
S03517,B015,M0131,131,1
S03518,B012,M0178,42,1
S03519,B009,M0200,195,1
S03520,B009,M0170,149,1
S03521,B010,M0011,194,1
S03522,B006,M0185,89,1
S03523,B007,M0156,163,1
S03524,B018,M0039,74,1
S03525,B015,M0038,119,1
S03526,B010,M0018,164,1
S03527,B001,M0161,148,1
S03528,B013,M0090,99,1
S03529,B019,M0191,123,1
S03530,B011,M0191,91,1
S03531,B008,M0106,159,1
S03532,B012,M0199,42,1
S03533,B016,M0054,108,1
S03534,B001,M0191,119,1
S03535,B017,M0096,100,1
S03536,B013,M0132,175,1
S03537,B018,M0173,145,1
S03538,B019,M0103,164,1
S03539,B006,M0144,197,1
S03540,B016,M0054,204,1
S03541,B012,M0045,191,1
S03542,B008,M0059,134,1
S03543,B020,M0098,98,1
S03544,B002,M0192,165,1
S03545,B009,M0165,113,1
S03546,B002,M0046,161,1
S03547,B015,M0184,142,1
S03548,B005,M0073,90,1
S03549,B014,M0182,205,1
S03550,B008,M0174,161,1
S03551,B006,M0136,39,1
S03552,B010,M0099,36,1
S03553,B001,M0198,179,1
S03554,B018,M0060,138,1
S03555,B013,M0088,43,1
S03556,B020,M0173,193,1
S03557,B016,M0063,185,1
S03558,B016,M0111,125,1
S03559,B013,M0020,142,1
S03560,B002,M0174,117,1
S03561,B003,M0084,162,1
S03562,B008,M0024,73,1
S03563,B017,M0086,25,1
S03564,B008,M0185,150,1
S03565,B016,M0008,52,1
S03566,B016,M0121,26,1
S03567,B011,M0098,181,1
S03568,B018,M0071,75,1
S03569,B016,M0074,168,1
S03570,B016,M0136,24,1
S03571,B002,M0075,141,1
S03572,B003,M0023,170,1
S03573,B015,M0040,139,1
S03574,B012,M0056,159,1
S03575,B015,M0119,74,1
S03576,B001,M0018,203,1
S03577,B010,M0015,171,1
S03578,B003,M0135,182,1
S03579,B016,M0019,97,1
S03580,B002,M0155,197,1
S03581,B017,M0173,21,1
S03582,B001,M0058,166,1
S03583,B008,M0163,176,1
S03584,B011,M0107,156,1
S03585,B005,M0156,27,1
S03586,B019,M0140,186,1
S03587,B005,M0049,158,1
S03588,B019,M0178,117,1
S03589,B012,M0100,139,1
S03590,B001,M0023,157,1
S03591,B001,M0137,80,1
S03592,B012,M0066,175,1
S03593,B003,M0155,106,1
S03594,B015,M0042,132,1
S03595,B016,M0022,160,1
S03596,B003,M0045,142,1
S03597,B013,M0091,63,1
S03598,B014,M0017,57,1
S03599,B008,M0156,72,1
S03600,B015,M0198,175,1
S03601,B013,M0032,147,1
S03602,B011,M0044,209,1
S03603,B014,M0026,141,1
S03604,B020,M0093,98,1
S03605,B003,M0157,102,1
S03606,B006,M0190,91,1
S03607,B020,M0075,144,1
S03608,B017,M0107,96,1
S03609,B020,M0059,52,1
S03610,B017,M0118,126,1
S03611,B004,M0097,39,1
S03612,B015,M0093,122,1
S03613,B020,M0101,38,1
S03614,B018,M0098,102,1
S03615,B004,M0117,49,1
S03616,B005,M0061,34,1
S03617,B018,M0082,93,1
S03618,B015,M0103,27,1
S03619,B013,M0182,158,1
S03620,B011,M0171,161,1
S03621,B002,M0088,25,1
S03622,B014,M0014,62,1
S03623,B006,M0148,197,1
S03624,B006,M0155,174,1
S03625,B019,M0169,151,1
S03626,B010,M0081,96,1
S03627,B005,M0113,120,1
S03628,B014,M0184,15,1
S03629,B012,M0181,73,1
S03630,B005,M0156,81,1
S03631,B001,M0188,163,1
S03632,B014,M0174,38,1
S03633,B005,M0173,207,1
S03634,B015,M0128,66,1
S03635,B004,M0098,194,1
S03636,B017,M0100,50,1
S03637,B015,M0055,106,1
S03638,B008,M0025,112,1
S03639,B012,M0139,136,1
S03640,B008,M0007,135,1
S03641,B005,M0027,41,1
S03642,B007,M0039,94,1
S03643,B017,M0190,92,1
S03644,B019,M0004,149,1
S03645,B007,M0112,12,1
S03646,B019,M0186,61,1
S03647,B013,M0113,95,1
S03648,B001,M0149,177,1
S03649,B004,M0060,54,1
S03650,B015,M0111,114,1
S03651,B012,M0056,81,1
S03652,B003,M0012,155,1
S03653,B016,M0167,23,1
S03654,B001,M0152,164,1
S03655,B020,M0144,154,1
S03656,B001,M0037,196,1
S03657,B020,M0026,151,1
S03658,B019,M0049,194,1
S03659,B005,M0032,53,1
S03660,B009,M0149,107,1
S03661,B017,M0002,134,1
S03662,B015,M0181,189,1
S03663,B018,M0084,80,1
S03664,B005,M0001,36,1
S03665,B005,M0106,71,1
S03666,B018,M0120,39,1
S03667,B002,M0151,23,1
S03668,B008,M0041,92,1
S03669,B017,M0146,109,1
S03670,B012,M0022,16,1
S03671,B019,M0051,166,1
S03672,B017,M0123,197,1
S03673,B013,M0019,21,1
S03674,B019,M0048,80,1
S03675,B006,M0015,93,1
S03676,B004,M0155,33,1
S03677,B009,M0052,91,1
S03678,B017,M0175,182,1
S03679,B008,M0045,150,1
S03680,B018,M0071,70,1
S03681,B016,M0125,73,1
S03682,B007,M0058,124,1
S03683,B013,M0133,107,1
S03684,B020,M0176,61,1
S03685,B004,M0069,129,1
S03686,B005,M0002,29,1
S03687,B018,M0091,75,1
S03688,B015,M0173,32,1
S03689,B005,M0042,99,1
S03690,B004,M0150,36,1
S03691,B018,M0033,132,1
S03692,B015,M0049,199,1
S03693,B016,M0140,42,1
S03694,B008,M0025,42,1
S03695,B006,M0074,163,1
S03696,B003,M0060,158,1
S03697,B004,M0070,48,1
S03698,B007,M0183,196,1
S03699,B010,M0011,112,1
S03700,B002,M0088,70,1
S03701,B015,M0090,161,1
S03702,B018,M0136,143,1
S03703,B015,M0055,93,1
S03704,B004,M0065,93,1
S03705,B010,M0129,173,1
S03706,B011,M0043,25,1
S03707,B018,M0143,85,1
S03708,B019,M0183,116,1
S03709,B011,M0012,63,1
S03710,B007,M0004,94,1
S03711,B012,M0067,98,1
S03712,B020,M0023,196,1
S03713,B001,M0114,99,1
S03714,B003,M0194,76,1
S03715,B018,M0153,54,1
S03716,B017,M0148,85,1
S03717,B011,M0070,27,1
S03718,B003,M0119,179,1
S03719,B009,M0039,20,1
S03720,B018,M0109,11,1
S03721,B006,M0180,161,1
S03722,B015,M0139,100,1
S03723,B009,M0088,144,1
S03724,B001,M0144,135,1
S03725,B017,M0160,209,1
S03726,B015,M0163,100,1
S03727,B005,M0088,106,1
S03728,B008,M0108,79,1
S03729,B006,M0115,158,1
S03730,B009,M0019,93,1
S03731,B019,M0117,105,1
S03732,B006,M0180,170,1
S03733,B002,M0180,60,1
S03734,B005,M0083,67,1
S03735,B015,M0195,114,1
S03736,B017,M0102,27,1
S03737,B006,M0071,197,1
S03738,B012,M0142,182,1
S03739,B003,M0067,40,1
S03740,B007,M0195,32,1
S03741,B001,M0092,100,1
S03742,B010,M0006,169,1
S03743,B002,M0168,94,1
S03744,B015,M0145,143,1
S03745,B003,M0182,63,1
S03746,B011,M0115,141,1
S03747,B018,M0167,24,1
S03748,B019,M0076,53,1
S03749,B005,M0183,33,1
S03750,B009,M0084,162,1
S03751,B004,M0034,193,1
S03752,B013,M0130,36,1
S03753,B015,M0133,157,1
S03754,B010,M0117,45,1
S03755,B006,M0087,94,1
S03756,B011,M0021,15,1
S03757,B011,M0179,111,1
S03758,B004,M0127,199,1
S03759,B009,M0123,175,1
S03760,B012,M0051,108,1
S03761,B019,M0070,108,1
S03762,B017,M0014,71,1
S03763,B016,M0110,94,1
S03764,B009,M0153,77,1
S03765,B013,M0162,169,1
S03766,B017,M0011,190,1
S03767,B001,M0003,105,1
S03768,B012,M0039,36,1
S03769,B004,M0065,32,1
S03770,B014,M0027,114,1
S03771,B008,M0046,51,1
S03772,B013,M0084,146,1
S03773,B003,M0032,94,1
S03774,B009,M0191,26,1
S03775,B014,M0153,183,1
S03776,B003,M0113,140,1
S03777,B011,M0070,178,1
S03778,B019,M0083,125,1
S03779,B016,M0011,132,1
S03780,B014,M0186,122,1
S03781,B001,M0074,56,1
S03782,B007,M0051,208,1
S03783,B015,M0046,165,1
S03784,B011,M0121,156,1
S03785,B017,M0016,186,1
S03786,B003,M0096,34,1
S03787,B006,M0061,72,1
S03788,B013,M0069,67,1
S03789,B015,M0072,80,1
S03790,B012,M0057,166,1
S03791,B003,M0080,56,1
S03792,B019,M0031,39,1
S03793,B020,M0035,54,1
S03794,B012,M0069,53,1
S03795,B011,M0140,180,1
S03796,B019,M0132,19,1
S03797,B006,M0170,27,1
S03798,B007,M0093,140,1
S03799,B017,M0083,46,1
S03800,B018,M0078,67,1
S03801,B016,M0036,10,1
S03802,B002,M0150,193,1
S03803,B005,M0108,104,1
S03804,B013,M0021,183,1
S03805,B001,M0045,153,1
S03806,B012,M0069,86,1
S03807,B003,M0040,145,1
S03808,B004,M0003,22,1
S03809,B012,M0150,159,1
S03810,B011,M0116,64,1
S03811,B018,M0106,39,1
S03812,B018,M0173,72,1
S03813,B001,M0029,186,1
S03814,B004,M0186,183,1
S03815,B008,M0040,93,1
S03816,B011,M0124,201,1
S03817,B011,M0058,133,1
S03818,B011,M0167,138,1
S03819,B015,M0179,36,1
S03820,B014,M0107,78,1
S03821,B001,M0043,176,1
S03822,B002,M0134,69,1
S03823,B013,M0129,198,1
S03824,B002,M0114,151,1
S03825,B004,M0085,25,1
S03826,B004,M0043,202,1
S03827,B019,M0163,126,1
S03828,B015,M0105,160,1
S03829,B007,M0175,184,1
S03830,B010,M0124,98,1
S03831,B008,M0150,44,1
S03832,B001,M0032,93,1
S03833,B003,M0020,112,1
S03834,B002,M0085,191,1
S03835,B014,M0042,77,1
S03836,B018,M0003,129,1
S03837,B006,M0109,145,1
S03838,B004,M0099,128,1
S03839,B001,M0026,80,1
S03840,B007,M0139,82,1
S03841,B002,M0146,139,1
S03842,B010,M0115,152,1
S03843,B003,M0063,124,1
S03844,B006,M0135,19,1
S03845,B003,M0163,84,1
S03846,B004,M0108,139,1
S03847,B016,M0084,45,1
S03848,B018,M0193,22,1
S03849,B006,M0135,138,1
S03850,B010,M0040,182,1
S03851,B018,M0143,101,1
S03852,B002,M0027,166,1
S03853,B005,M0136,99,1
S03854,B019,M0080,66,1
S03855,B007,M0003,72,1
S03856,B015,M0186,134,1
S03857,B007,M0049,177,1
S03858,B014,M0086,100,1
S03859,B020,M0085,185,1
S03860,B006,M0123,176,1
S03861,B017,M0157,19,1
S03862,B002,M0132,156,1
S03863,B006,M0066,145,1
S03864,B011,M0114,69,1
S03865,B004,M0101,142,1
S03866,B019,M0018,201,1
S03867,B015,M0083,54,1
S03868,B017,M0050,45,1
S03869,B011,M0094,26,1
S03870,B013,M0022,109,1
S03871,B005,M0019,16,1
S03872,B019,M0165,59,1
S03873,B001,M0109,49,1
S03874,B006,M0180,99,1
S03875,B011,M0062,151,1
S03876,B015,M0100,175,1
S03877,B004,M0112,106,1
S03878,B008,M0078,121,1
S03879,B006,M0086,73,1
S03880,B009,M0194,72,1
S03881,B008,M0074,147,1
S03882,B016,M0117,51,1
S03883,B008,M0005,96,1
S03884,B007,M0051,117,1
S03885,B018,M0003,189,1
S03886,B018,M0181,87,1
S03887,B013,M0121,105,1
S03888,B008,M0066,136,1
S03889,B009,M0170,193,1
S03890,B002,M0048,86,1
S03891,B001,M0129,111,1
S03892,B020,M0031,31,1
S03893,B012,M0088,80,1
S03894,B012,M0114,206,1
S03895,B010,M0161,175,1
S03896,B007,M0150,183,1
S03897,B003,M0042,15,1
S03898,B008,M0186,185,1
S03899,B016,M0100,125,1
S03900,B002,M0180,79,1
S03901,B020,M0171,33,1
S03902,B013,M0169,161,1
S03903,B011,M0030,172,1
S03904,B011,M0005,149,1
S03905,B018,M0148,62,1
S03906,B005,M0011,147,1
S03907,B005,M0132,28,1
S03908,B012,M0041,208,1
S03909,B019,M0048,177,1
S03910,B019,M0098,53,1
S03911,B011,M0082,52,1
S03912,B017,M0124,82,1
S03913,B015,M0144,95,1
S03914,B016,M0019,22,1
S03915,B011,M0112,184,1
S03916,B015,M0116,129,1
S03917,B001,M0016,98,1
S03918,B011,M0169,201,1
S03919,B009,M0105,20,1
S03920,B020,M0173,137,1
S03921,B019,M0013,94,1
S03922,B016,M0062,93,1
S03923,B020,M0112,46,1
S03924,B004,M0072,137,1
S03925,B007,M0148,114,1
S03926,B016,M0113,27,1
S03927,B016,M0025,99,1
S03928,B013,M0058,176,1
S03929,B009,M0064,56,1
S03930,B011,M0129,109,1
S03931,B013,M0160,208,1
S03932,B004,M0160,147,1
S03933,B008,M0104,168,1
S03934,B018,M0160,24,1
S03935,B010,M0105,185,1
S03936,B001,M0191,205,1
S03937,B016,M0074,125,1
S03938,B005,M0067,134,1
S03939,B003,M0052,120,1
S03940,B002,M0018,66,1
S03941,B002,M0128,43,1
S03942,B018,M0198,83,1
S03943,B018,M0180,59,1
S03944,B016,M0140,161,1
S03945,B014,M0013,208,1
S03946,B020,M0070,90,1
S03947,B013,M0196,137,1
S03948,B018,M0117,12,1
S03949,B018,M0076,174,1
S03950,B019,M0183,43,1
S03951,B010,M0038,182,1
S03952,B019,M0097,119,1
S03953,B004,M0126,179,1
S03954,B019,M0060,19,1
S03955,B004,M0128,10,1
S03956,B003,M0019,58,1
S03957,B016,M0038,175,1
S03958,B012,M0133,80,1
S03959,B013,M0172,136,1
S03960,B013,M0176,27,1
S03961,B009,M0139,68,1
S03962,B003,M0011,152,1
S03963,B014,M0067,146,1
S03964,B016,M0160,28,1
S03965,B017,M0097,36,1
S03966,B020,M0079,101,1
S03967,B006,M0183,187,1
S03968,B005,M0143,166,1
S03969,B015,M0156,27,1
S03970,B016,M0185,103,1
S03971,B008,M0115,182,1
S03972,B017,M0138,48,1
S03973,B011,M0178,141,1
S03974,B020,M0030,14,1
S03975,B009,M0024,66,1
S03976,B020,M0029,176,1
S03977,B018,M0045,194,1
S03978,B011,M0081,51,1
S03979,B020,M0190,135,1
S03980,B018,M0199,27,1
S03981,B017,M0130,158,1
S03982,B001,M0091,58,1
S03983,B006,M0099,75,1
S03984,B009,M0145,35,1
S03985,B017,M0032,68,1
S03986,B005,M0173,38,1
S03987,B005,M0125,181,1
S03988,B013,M0131,61,1
S03989,B009,M0080,106,1
S03990,B015,M0138,177,1
S03991,B005,M0071,52,1
S03992,B012,M0070,101,1
S03993,B015,M0014,168,1
S03994,B015,M0019,46,1
S03995,B007,M0010,24,1
S03996,B018,M0001,208,1
S03997,B013,M0050,73,1
S03998,B018,M0179,93,1
S03999,B001,M0163,206,1
S04000,B001,M0050,165,1
